qid,question,definition,ambiguous,candidate_answer,candidate_unit,source_page,evidence_anchors,company,fiscal_year,verdict,corrected_answer,corrected_unit,notes,precheck,page_excerpt,source_note,also_on_pages
FI0e301c32,"For Sun Pharmaceutical Industries Limited, as reported for the year ended March 31, 2024, what were goodwill (goodwill as reported in the consolidated financial statements)?",goodwill as reported in the consolidated financial statements,no,12505.5,INR million,286,p286: Goodwill | 12505.5,Sun Pharmaceutical Industries Limited,2023-24,rejected,,,"Factual Error: The prompt explicitly asks for ""goodwill"" as reported in the consolidated financial statements for Sun Pharmaceutical Industries Limited for the year ended March 31, 2024.Incorrect Figure: The candidate's extracted figure of 12,505.5 INR million is incorrect. For context, Sun Pharmaceutical's consolidated goodwill is significantly larger (reported at ₹87,127.1 million for the previous fiscal year ending March 31, 2023, and remaining in a similar range for FY24). Furthermore, the company's standalone goodwill for FY24 is only ₹1,208.0 million.  Conclusion: The candidate extracted an unrelated metric from the document instead of the true consolidated goodwill line item from the face of the balance sheet. Because the figure is fundamentally incorrect, the answer does not satisfy the requirements of the prompt.",on_cited_page,"Goodwill  //  12,505.5","row 'Goodwill', column 'March 31, 2024' (p.286, Sun Pharmaceutical Industries Limited   |   Annual Report 2023-24, table 1, column 'March 31, 2024')",
FI112f618b,"For Tata Motors Limited, in the 2023-24 consolidated financial statements, what was net profit margin?",,yes,,,281,p281: Profit for the year (IX-X) | 31806.75 ;; p281: Revenue from operations | 34,Tata Motors Limited,2023-24,validated,7.26,percent,"(Note: If calculated using ""Total Income"", which includes other non-operating income of ₹5,949.92 crore for a total of ₹443,877.69 crore, the margin would be 7.17%. However, 7.26% reflects the standard operating revenue basis). || validator's working, verbatim: Metric: Net Profit Margin (derived metric).Formula: Net Profit Margin is standardly calculated as (Profit for the year / Total revenue from operations) * 100.Extraction: According to Tata Motors Limited's Consolidated Statement of Profit and Loss for the year ended March 31, 2024:  Profit for the year = ₹31,806.75 crore  Total revenue from operations = ₹437,927.77 crore  Calculation: (31,806.75 / 437,927.77) * 100 = 7.263%Conclusion: The derived net profit margin is 7.26%.(Note: If calculated using ""Total Income"", which includes other non-operating income of ₹5,949.92 crore for a total of ₹443,877.69 crore, the margin would be 7.17%. However, 7.26% reflects the standard operating revenue basis).",no_candidate,,,
FI0e3bc749,"For HDFC Bank Limited, as reported for the year ended March 31, 2024, what were basic earnings per share (basic earnings per share as reported in the consolidated financial statements)?",basic earnings per share as reported in the consolidated financial statements,no,90.42,,477,p477: Basic earnings per share (`) | 90.42,HDFC Bank Limited,2023-24,rejected,,,"Metric Mismatch (Standalone vs. Consolidated): The prompt explicitly asks for ""basic earnings per share"" as reported in the consolidated financial statements.Factual Error: The candidate extracted the figure 90.42. This is the basic earnings per share from HDFC Bank Limited's standalone Statement of Profit and Loss for the year ended March 31, 2024 (corresponding to a standalone net profit of approximately ₹60,810 crore).Consolidated Figure: The actual consolidated basic earnings per share is higher (approximately ₹95.25), as it incorporates the earnings from the bank's subsidiaries (such as HDB Financial Services and HDFC AMC), bringing the consolidated net profit to around ₹64,060 crore.Conclusion: Because the candidate extracted the standalone EPS rather than navigating further into the annual report to find the requested consolidated EPS, the candidate failed to satisfy the specific requirements of the prompt. Therefore, the answer is wrong.",on_cited_page,Basic earnings per share (`)  //  90.42,"row 'Basic earnings per share (`)', column 'March 31, 2024' (p.477, Financial Statements, table 1, column 'March 31, 2024')",
FI0560ee2f,"For Infosys Limited, as reported for the year ended March 31, 2024, what were cost of technical sub-contractors (cost of technical sub-contractors as reported in the consolidated financial statements)?",cost of technical sub-contractors as reported in the consolidated financial statements,no,12232,INR crore,13,p13: Cost of technical sub-contractors | 12232,Infosys Limited,2023-24,validated,,,,on_cited_page,"Cost of technical sub-contractors  //  12,232","row 'Cost of technical sub-contractors', column '(In ₹ crore, except equity share and per equity share data) Year ended March 31, 2024 2023' (p.13, Consolidated Statement of Profit and Loss, table 0, column '(In ₹ crore, except equity share and per equity share data) Year ended March 31, 2024 2023')",
FI0f259754,"For Reliance Industries Limited, as reported for the year ended March 31, 2024, what were provisions (provisions as reported in the consolidated financial statements)?",provisions as reported in the consolidated financial statements,no,2044,crore,110,p110: Provisions | 2044,Reliance Industries Limited,2023-24,rejected,,,"Incorrect Source Table: The question explicitly asks for ""provisions"" as reported in the consolidated financial statements (which refers to the face of the balance sheet). The candidate extracted the figure 2,044 from a table related to the ""Managing Director,"" which indicates it was pulled from a specific disclosure on executive remuneration rather than the company's financial statements.Metric Mismatch: The extracted figure likely represents specific provisions made for executive compensation or retirement benefits for the managing director, rather than the company's total corporate provisions.Conclusion: Because the candidate pulled a much smaller, unrelated metric from a notes/remuneration table instead of the correct provisions line items (typically split into current and non-current provisions) from the consolidated balance sheet, the answer does not satisfy the requirements of the prompt and is therefore wrong.",on_cited_page,"Provisions  //  2,044","row 'Provisions', column '' (p.110, Managing Director, table 0)",
FI1f0adbf8,"For Sun Pharmaceutical Industries Limited, as reported for the year ended March 31, 2023, what were finance cost (finance cost as reported in the standalone financial statements)?",finance cost as reported in the standalone financial statements,no,4346.9,INR million,201,p201: Interest expense | 4346.9,Sun Pharmaceutical Industries Limited,2023-24,rejected,,,"Incorrect Source Table: The prompt asks for ""finance cost"" as reported in the standalone financial statements, which typically refers to the dedicated line item on the face of the Standalone Statement of Profit and Loss.Metric Mismatch / Factual Error: The candidate extracted the figure 4,346.9 from a note regarding ""Ind AS- 24 - RELATED PARTY DISCLOSURES"". The ""Interest expense"" line within a related party disclosure table only captures interest paid or accrued to related parties, not the company's total finance costs.Conclusion: Because the candidate pulled a specific, partial subset of interest expenses from a disclosures note rather than the total standalone finance cost from the Statement of Profit and Loss, the answer does not satisfy the requirements of the prompt and is wrong.",on_cited_page,"Interest expense  //  4,346.9","row 'Interest expense', column 'March 31, 2023' (p.201, Ind AS- 24 - “RELATED PARTY DISCLOSURES”, table 2, column 'March 31, 2023')",
FI222c2fc4,"For Tata Motors Limited, as reported for the year ended March 31, 2024, what were finance cost (finance cost as reported in the consolidated financial statements)?",finance cost as reported in the consolidated financial statements,no,10.19,INR crore,339,p339: Interest expense | 10.19,Tata Motors Limited,2023-24,rejected,,,"Metric Mismatch: The prompt explicitly asks for ""finance cost"" as reported in the consolidated financial statements, which refers to the main line item on the face of the Consolidated Statement of Profit and Loss.Factual Error / Absurd Scale: The candidate extracted the figure 10.19 INR crore. For a company of Tata Motors' size (which includes Jaguar Land Rover), the total consolidated finance costs are in the thousands of crores (approximately ₹10,487 crore for FY24).Incorrect Source: The extracted value of 10.19 represents a minuscule sub-component or a specific note disclosure (such as interest on a specific minor liability or a related-party note), not the company's total consolidated finance cost.Conclusion: Because the candidate pulled a small, unrelated metric from a notes table rather than the total consolidated finance cost from the Statement of Profit and Loss, the answer does not satisfy the requirements of the prompt and is therefore wrong.",on_cited_page,Interest expense  //  10.19,"row 'Interest expense', column 'March 31, 2024' (p.339, FINANCIALS, table 0, column 'March 31, 2024')",
FI0fe0af23,"For HDFC Bank Limited, as reported for the year ended March 31, 2023, what were diluted earnings per share (diluted earnings per share as reported in the consolidated financial statements)?",diluted earnings per share as reported in the consolidated financial statements,no,82.27,,477,p477: Diluted earnings per share (`) | 82.27,HDFC Bank Limited,2023-24,rejected,,,"Metric Mismatch (Standalone vs. Consolidated): The prompt explicitly asks for ""diluted earnings per share"" as reported in the consolidated financial statements.Factual Error: The candidate extracted the figure 82.27. This represents the diluted earnings per share from HDFC Bank Limited's standalone Statement of Profit and Loss for the year ended March 31, 2023.Consolidated Figure: The actual consolidated diluted earnings per share for this period is higher (approximately ₹85.76), as it includes the earnings contribution from the bank's subsidiaries (such as HDB Financial Services and HDFC Securities).Conclusion: Because the candidate extracted the standalone EPS rather than navigating further into the annual report to find the requested consolidated metric, the candidate failed to satisfy the specific requirements of the prompt. Therefore, the answer is wrong.",on_cited_page,Diluted earnings per share (`)  //  82.27,"row 'Diluted earnings per share (`)', column 'March 31, 2023' (p.477, Financial Statements, table 1, column 'March 31, 2023')",
FI056816bb,"For Infosys Limited, as reported for the year ended March 31, 2024, what were deferred tax (deferred tax as reported in the consolidated financial statements)?",deferred tax as reported in the consolidated financial statements,no,454,INR crore,11,p11: Deferred tax assets (net) | 454,Infosys Limited,2023-24,rejected,,,"Metric Mismatch: The question explicitly asks for ""deferred tax"" as reported in the consolidated financial statements. In standard Ind AS presentation, this refers to the specific ""Deferred tax"" line item found under ""Tax expense"" on the face of the Consolidated Statement of Profit and Loss (which for Infosys in FY24 was ₹1,413 crore).Asset vs. Expense: The candidate instead extracted the figure for ""Deferred tax assets (net)"" from the Consolidated Balance Sheet.Conclusion: By extracting a balance sheet asset rather than the explicitly requested tax expense line item, the candidate failed to satisfy the precise requirements of the prompt. Therefore, the answer is wrong.",on_cited_page,Deferred tax assets (net)  //  454,"row 'Deferred tax assets (net)', column '2024' (p.11, Consolidated Balance Sheet, table 0, column '2024')",
FI12bed9a1,"For Reliance Industries Limited, as reported for the year ended March 31, 2024, what were total income (total income as reported in the consolidated financial statements)?",total income as reported in the consolidated financial statements,no,930529,crore,111,p111: Total Income | 930529,Reliance Industries Limited,2023-24,validated,,,,on_cited_page,"Total Income  //  9,30,529","row 'Total Income', column '2023-24' (p.111, Managing Director, table 2, column '2023-24')",
FI21afe6f5,"For Sun Pharmaceutical Industries Limited, as reported for the year ended March 31, 2024, what were interest income (interest income as reported in the standalone financial statements)?",interest income as reported in the standalone financial statements,no,2685.0,INR million,201,p201: Interest income | 2685.0,Sun Pharmaceutical Industries Limited,2023-24,rejected,,,"Incorrect Source Table: The prompt asks for ""interest income"" as reported in the standalone financial statements, which typically refers to the dedicated line item on the face of the Standalone Statement of Profit and Loss (usually under ""Other Income"") or the specific note detailing total interest income.Metric Mismatch / Factual Error: The candidate extracted the figure 2,685.0 from a note regarding ""Ind AS- 24 - RELATED PARTY DISCLOSURES"". The ""Interest income"" line within a related party disclosure table only captures interest received or accrued from related entities (like subsidiaries or joint ventures), not the company's total interest income from all sources.Conclusion: Because the candidate pulled a specific, partial subset of interest income from a disclosures note rather than the total standalone interest income from the Statement of Profit and Loss, the answer does not satisfy the requirements of the prompt and is therefore wrong.",on_cited_page,"Interest income  //  2,685.0","row 'Interest income', column 'March 31, 2024' (p.201, Ind AS- 24 - “RELATED PARTY DISCLOSURES”, table 2, column 'March 31, 2024')",
FI223250a2,"For Tata Motors Limited, as reported for the year ended March 31, 2024, what were total income (total income as reported in the consolidated financial statements)?",total income as reported in the consolidated financial statements,no,443877.69,INR crore,281,p281: Total income (I+II) | 443877.69,Tata Motors Limited,2023-24,validated,,,,on_cited_page,"Total income (I+II)  //  443,877.69","row 'Total income (I+II)', column 'March 31, 2024' (p.281, FINANCIALS, table 1, column 'March 31, 2024')",
FI19b399ca,"For HDFC Bank Limited, as reported for the year ended March 31, 2023, what were investments (the 'Investments' line item as reported on the consolidated balance sheet)?",the 'Investments' line item as reported on the consolidated balance sheet,no,511581.71,crore,412,p412: Investments | 511581.71,HDFC Bank Limited,2023-24,validated,,,,on_cited_page,"Investments  //  511,581.71","row 'Investments', column 'C C in crore' (p.412, Company Secretary, table 0, column 'C C in crore')",
FI09d3cac6,"For Infosys Limited, as reported for the year ended March 31, 2024, what were investments (the 'Investments' line item as reported on the consolidated balance sheet)?",the 'Investments' line item as reported on the consolidated balance sheet,no,11708,INR crore,11,p11: Investments | 11708,Infosys Limited,2023-24,rejected,,,"Incomplete Metric: The question explicitly asks for the ""Investments"" line item as reported on the consolidated balance sheet. Under the standard Ind AS presentation used by Infosys, ""Investments"" appears as two separate line items under Financial Assets: one under Non-current assets and another under Current assets.Factual Error: The candidate extracted only the figure for Non-current investments (11,708 INR crore). It failed to include or sum the Current investments (which were 9,569 INR crore for the same period).Conclusion: Because the candidate extracted only a partial subset rather than the total consolidated investments (₹21,277 crore), the answer does not satisfy the specific requirements of the prompt. Therefore, the answer is wrong.",on_cited_page,"Investments  //  11,708","row 'Investments', column '2024' (p.11, Consolidated Balance Sheet, table 0, column '2024')",
FI158627a7,"For Reliance Industries Limited, as reported for the year ended March 31, 2023, what were current tax (current tax as reported in the consolidated financial statements)?",current tax as reported in the consolidated financial statements,no,8398,crore,111,p111: Current Tax | 8398,Reliance Industries Limited,2023-24,,,,,on_cited_page,"Current Tax  //  8,398","row 'Current Tax', column '(C in crore) 2022-23' (p.111, Managing Director, table 2, column '(C in crore) 2022-23')",
FI245411f4,"For Sun Pharmaceutical Industries Limited, as reported for the year ended March 31, 2024, what were retained earnings (retained earnings as reported in the standalone financial statements)?",retained earnings as reported in the standalone financial statements,no,127310.4,INR million,169,p169: Retained earnings | 127310.4,Sun Pharmaceutical Industries Limited,2023-24,validated,,,,on_cited_page,"Retained earnings  //  127,310.4","row 'Retained earnings', column 'March 31, 2024' (p.169, NOTE: 21 OTHER EQUITY, table 1, column 'March 31, 2024')",
FI2b25dee2,"For Tata Motors Limited, as reported for the year ended March 31, 2024, what were trade receivables (trade receivables as reported in the consolidated financial statements)?",trade receivables as reported in the consolidated financial statements,no,-1150.69,INR crore,282,p282: Trade receivables | -1150.69 ;; p322: Trade receivables | 125.85,Tata Motors Limited,2023-24,rejected,,,"Metric Mismatch: The prompt asks for ""trade receivables"" as reported in the consolidated financial statements, which conventionally refers to the asset balance reported on the face of the Consolidated Balance Sheet.Incorrect Financial Statement: The candidate extracted a negative figure, -1150.69 INR crore (shown as (1,150.69) in the filing). An asset balance like trade receivables is normally a positive number. This specific negative figure represents the change in trade receivables (an outflow/increase in receivables) found on the Consolidated Statement of Cash Flows under working capital adjustments, not the actual ending balance of the asset.Factual Error: The true balance of consolidated trade receivables for Tata Motors is a substantially larger, positive figure (usually split between current and non-current financial assets on the balance sheet).Conclusion: Because the candidate extracted a cash flow movement instead of the actual balance sheet asset, the answer does not satisfy the requirements of the prompt and is wrong.",on_cited_page,"Trade receivables  //  (1,150.69)","row 'Trade receivables', column '' (p.282, 79th Integrated Annual Report, table 0)",
FI1a3114db,"For HDFC Bank Limited, as reported for the year ended March 31, 2024, what were diluted earnings per share (diluted earnings per share as reported in the consolidated financial statements)?",diluted earnings per share as reported in the consolidated financial statements,no,90.01,,477,p477: Diluted earnings per share (`) | 90.01,HDFC Bank Limited,2023-24,rejected,,,"Metric Mismatch (Standalone vs. Consolidated): The prompt explicitly asks for ""diluted earnings per share"" as reported in the consolidated financial statements.Factual Error: The candidate extracted the figure 90.01. Just like the basic EPS example from the same page, this represents the diluted earnings per share from HDFC Bank Limited's standalone Statement of Profit and Loss for the year ended March 31, 2024.Consolidated Figure: The actual consolidated diluted earnings per share for this period is higher (as it includes the earnings contribution from the bank's subsidiaries).Conclusion: Because the candidate extracted the standalone EPS rather than navigating further into the annual report to find the requested consolidated metric, the candidate failed to satisfy the specific requirements of the prompt. Therefore, the answer is wrong.",on_cited_page,Diluted earnings per share (`)  //  90.01,"row 'Diluted earnings per share (`)', column 'March 31, 2024' (p.477, Financial Statements, table 1, column 'March 31, 2024')",
FI0fa2b288,"For Infosys Limited, as reported for the year ended March 31, 2023, what were non-controlling interests (non-controlling interests as reported in the consolidated financial statements)?",non-controlling interests as reported in the consolidated financial statements,no,388,INR crore,12,p12: Non-controlling interests | 388,Infosys Limited,2023-24,validated,,,,on_cited_page,Non-controlling interests  //  388,"row 'Non-controlling interests', column '2023' (p.12, Consolidated Balance Sheet (contd.), table 0, column '2023')",
FI16506c4c,"For Reliance Industries Limited, as reported for the year ended March 31, 2023, what were profit before tax (profit before tax as reported in the consolidated financial statements)?",profit before tax as reported in the consolidated financial statements,no,94046,crore,111,p111: Profit Before Tax | 94046,Reliance Industries Limited,2023-24,,,,,on_cited_page,"Profit Before Tax  //  94,046","row 'Profit Before Tax', column '(C in crore) 2022-23' (p.111, Managing Director, table 2, column '(C in crore) 2022-23')",
FI2724de93,"For Sun Pharmaceutical Industries Limited, as reported for the year ended March 31, 2023, what were revenue from contracts with customers (revenue from contracts with customers as reported in the consolidated financial statements)?",revenue from contracts with customers as reported in the consolidated financial statements,no,432788.7,INR million,272,p272: Revenue from contracts with customers | 432788.7,Sun Pharmaceutical Industries Limited,2023-24,validated,,,,on_cited_page,"Revenue from contracts with customers  //  432,788.7","row 'Revenue from contracts with customers', column 'March 31, 2023' (p.272, Sun Pharmaceutical Industries Limited   |   Annual Report 2023-24, table 1, column 'March 31, 2023')",
FI2fb8c4d5,"For Tata Motors Limited, in the 2023-24 consolidated financial statements, what was return on assets?",,yes,,,281,p281: Profit for the year (IX-X) | 31806.75 ;; p280: TOTAL ASSETS | 370663.96,Tata Motors Limited,2023-24,validated,8.58,percent,"While some strict financial analyses use average total assets across two periods, single-year extraction tasks typically rely on the year-end total assets unless specified otherwise || validator's working, verbatim: Metric: Return on Assets (derived metric).Formula: Return on Assets (ROA) is standardly calculated as (Profit for the year / Total Assets) * 100. (Note: While some strict financial analyses use average total assets across two periods, single-year extraction tasks typically rely on the year-end total assets unless specified otherwise).Extraction: According to Tata Motors Limited's Consolidated Financial Statements for the year ended March 31, 2024:Profit for the year = ₹31,806.75 crore  Total Assets = ₹3,70,664 crore  Calculation: (31,806.75 / 3,70,664) * 100 = 8.581%Conclusion: The derived return on assets is 8.58%.",no_candidate,,,
FI2507d054,"For HDFC Bank Limited, in the 2023-24 consolidated financial statements, what was return on assets?",,yes,,,471,p471: Net profit (5)-(6)-(7) | 65446.50 ;; p471: Total assets (9)+(10) | 4030194.26,HDFC Bank Limited,2023-24,validated,1.59,percent,"While strict financial analyses often use average total assets across two periods, single-year extraction tasks typically rely on the year-end total assets unless specified otherwise || validator's working, verbatim: Metric: Return on Assets (derived metric).Formula: Return on Assets (ROA) is standardly calculated as (Profit for the year / Total Assets) * 100. (Note: While strict financial analyses often use average total assets across two periods, single-year extraction tasks typically rely on the year-end total assets unless specified otherwise).Extraction: According to HDFC Bank Limited's Consolidated Financial Statements for the year ended March 31, 2024:Profit for the year (Consolidated PAT) = ₹64,060 crore  Total Assets = ₹40,30,194.26 croreCalculation: (64,060 / 4,030,194.26) * 100 = 1.589%Conclusion: The derived return on assets is 1.59%.",no_candidate,,,
FI1151ddcb,"For Infosys Limited, as reported for the year ended March 31, 2023, what were other equity (other equity as reported in the consolidated financial statements)?",other equity as reported in the consolidated financial statements,no,73338,INR crore,12,p12: Other equity | 73338,Infosys Limited,2023-24,validated,,,,on_cited_page,"Other equity  //  73,338","row 'Other equity', column '2023' (p.12, Consolidated Balance Sheet (contd.), table 0, column '2023')",
FI2e8fcfb7,"For Reliance Industries Limited, as reported for the year ended March 31, 2024, what were other equity (other equity as reported in the consolidated financial statements)?",other equity as reported in the consolidated financial statements,no,786715,crore,110,p110: Other Equity | 786715,Reliance Industries Limited,2023-24,rejected,,,"Incorrect Source Table: The prompt explicitly asks for ""other equity"" as reported in the consolidated financial statements, which requires sourcing the data from the face of the official Consolidated Balance Sheet (typically found much later in the annual report, in the audited financials section).Factual Accuracy vs. Source Constraint: While the extracted figure (7,86,715 crore) is indeed the numerically correct value for RIL's consolidated other equity for FY24, the candidate extracted it from a summary table in the ""Managing Director"" section (page 110).Conclusion: In strict financial extraction tasks, relying on MD&A, executive summaries, or performance highlights is a known pitfall because these sections often present non-GAAP metrics, rounded figures, or unconsolidated snapshots. Because the extraction engine failed to navigate to the actual audited consolidated financial statements, the candidate failed to satisfy the strict source constraint of the prompt. Therefore, the answer is wrong.",on_cited_page,"Other Equity  //  7,86,715","row 'Other Equity', column '31st March, 2024' (p.110, Managing Director, table 0, column '31st March, 2024')",
FI2959dfaf,"For Sun Pharmaceutical Industries Limited, in the 2023-24 consolidated financial statements, what was goodwill as a share of total assets (goodwill divided by total assets, expressed as a percentage)?","goodwill divided by total assets, expressed as a percentage",no,,,285,p285: Goodwill | 1186.8 ;; p214: TOTAL ASSETS | 854628.8,Sun Pharmaceutical Industries Limited,2023-24,validated,10.06,percent,"validator's working, verbatim: Metric: Goodwill as a share of total assets (derived metric).Formula: This metric is calculated as (Goodwill / Total Assets) * 100.Extraction: According to Sun Pharmaceutical Industries Limited's Consolidated Balance Sheet for the fiscal year ended March 31, 2024:Goodwill = ₹85,989.5 millionTotal Assets = ₹854,628.8 millionCalculation: (85,989.5 / 854,628.8) * 100 = 10.0616%Conclusion: The derived goodwill as a share of total assets is 10.06%.",no_candidate,,,
FI45bab3c4,"For Tata Motors Limited, as reported for the year ended March 31, 2023, what were profit before tax (profit before tax as reported in the consolidated financial statements)?",profit before tax as reported in the consolidated financial statements,no,3393.93,INR crore,281,p281: Profit before tax (VII-VIII) | 3393.93,Tata Motors Limited,2023-24,validated,,,,on_cited_page,"Profit before tax (VII-VIII)  //  3,393.93","row 'Profit before tax (VII-VIII)', column '(₹ in crores)' (p.281, FINANCIALS, table 1, column '(₹ in crores)')",
FI35d1533d,"For HDFC Bank Limited, as reported for the year ended March 31, 2024, what were total assets (total assets as reported in the standalone financial statements)?",total assets as reported in the standalone financial statements,no,75579.83,crore,332,p332: Total Assets | 75579.83,HDFC Bank Limited,2023-24,rejected,,,"Incorrect Source Table: The prompt explicitly asks for ""total assets"" as reported in the standalone financial statements, which refers to the bottom-line total on the face of the Standalone Balance Sheet. The candidate extracted the figure from a table related to a ""Resolution Plan"" (often a disclosure note detailing specific restructured loans or stressed assets under RBI guidelines).Factual Error / Absurd Scale: The extracted figure is 75,579.83 crore. For a financial institution of HDFC Bank's size (especially for the year ended March 31, 2024, post-merger with HDFC Ltd.), total standalone assets are massive—exceeding ₹36,00,000 crore. The 75,579.83 figure represents merely a specific sub-portfolio of assets undergoing resolution, not the bank's total asset base.Conclusion: Because the candidate pulled a highly specific, partial subset of assets from a disclosure note rather than the actual total assets from the standalone balance sheet, the answer does not satisfy the requirements of the prompt and is therefore wrong.",on_cited_page,"Total Assets  //  75,579.83","row 'Total Assets', column 'March 31, 2024' (p.332, Resolution Plan, table 0, column 'March 31, 2024')",
FI11c1e6a6,"For Infosys Limited, as reported for the year ended March 31, 2023, what were interest income (interest income as reported in the consolidated financial statements)?",interest income as reported in the consolidated financial statements,no,105,INR crore,63,p63: Interest income | 105 ;; p63: Interest income | 4,Infosys Limited,2023-24,rejected,,,"Incorrect Source Table: The prompt asks for ""interest income"" as reported in the consolidated financial statements, which refers to the total interest income for the company (typically found under ""Other Income"" on the face of the Consolidated Statement of Profit and Loss or its supporting note). The candidate extracted the figure 105 from a note detailing ""Gratuity and pension"".Metric Mismatch / Factual Error: The extracted figure represents the expected interest income generated specifically on the company's gratuity and pension plan assets, not the total corporate interest income earned on the company's overall financial assets and cash equivalents (which for Infosys in FY23 was significantly higher, exceeding ₹2,000 crore).Conclusion: Because the candidate pulled a highly specific, partial subset of interest income from an employee benefits disclosure note rather than the total interest income from the consolidated financials, the answer does not satisfy the requirements of the prompt and is therefore wrong.",on_cited_page,Interest income  //  105,"row 'Interest income', column '' (p.63, 2.22.1 Gratuity and pension, table 0)",
FI4228eda7,"For Reliance Industries Limited, as reported for the year ended March 31, 2024, what were other expenses (other expenses as reported in the consolidated financial statements)?",other expenses as reported in the consolidated financial statements,no,127809,crore,111,p111: Other Expenses | 127809,Reliance Industries Limited,2023-24,validated,,,,on_cited_page,"Other Expenses  //  1,27,809","row 'Other Expenses', column '2023-24' (p.111, Managing Director, table 2, column '2023-24')",
FI344372a0,"For Sun Pharmaceutical Industries Limited, as reported for the year ended March 31, 2023, what were lease liabilities (lease liabilities as reported in the standalone financial statements)?",lease liabilities as reported in the standalone financial statements,no,1981.5,INR million,182,p182: Lease liabilities | 1981.5,Sun Pharmaceutical Industries Limited,2023-24,rejected,,,"Incomplete Metric: The question explicitly asks for ""lease liabilities"" as reported in the standalone financial statements. Under standard Ind AS presentation, lease liabilities appear as two separate line items on the balance sheet: one under ""Non-current financial liabilities"" and another under ""Current financial liabilities.""Factual Error: The candidate extracted only the figure for Non-current lease liabilities (1,981.5 INR million). It failed to include or sum the Current lease liabilities (which were reported separately for the same period).Conclusion: Because the candidate extracted only a partial subset rather than the total standalone lease liabilities, the answer does not satisfy the specific requirements of the prompt. Therefore, the answer is wrong.",on_cited_page,"Lease liabilities  //  1,981.5","row 'Lease liabilities', column 'March 31, 2023' (p.182, Sun Pharmaceutical Industries Limited   |   Annual Report 2023-24, table 1, column 'March 31, 2023')",
FI45ca118c,"For Tata Motors Limited, as reported for the year ended March 31, 2024, what were total expenses (total expenses as reported in the consolidated financial statements)?",total expenses as reported in the consolidated financial statements,no,415645.32,INR crore,281,p281: Total expenses (IV) | 415645.32,Tata Motors Limited,2023-24,validated,,,,on_cited_page,"Total expenses (IV)  //  415,645.32","row 'Total expenses (IV)', column '' (p.281, FINANCIALS, table 1)",
FI364a7d50,"For HDFC Bank Limited, as reported for the year ended March 31, 2024, what were advances (the 'Advances' line item as reported on the consolidated balance sheet)?",the 'Advances' line item as reported on the consolidated balance sheet,no,2565891.41,crore,412,p412: Advances | 2565891.41,HDFC Bank Limited,2023-24,validated,,,,on_cited_page,"Advances  //  2,565,891.41","row 'Advances', column '' (p.412, Company Secretary, table 0)",
FI12c638b5,"For Infosys Limited, as reported for the year ended March 31, 2023, what were employee benefit expenses (employee benefit expenses as reported in the consolidated financial statements)?",employee benefit expenses as reported in the consolidated financial statements,no,78359,INR crore,13,p13: Employee benefit expenses | 78359,Infosys Limited,2023-24,validated,,,,on_cited_page,"Employee benefit expenses  //  78,359","row 'Employee benefit expenses', column None (p.13, Consolidated Statement of Profit and Loss, table 0)",
FI4892a4dc,"For Reliance Industries Limited, as reported for the year ended March 31, 2024, what were investments (the 'Investments' line item as reported on the consolidated balance sheet)?",the 'Investments' line item as reported on the consolidated balance sheet,no,119502,crore,110,p110: Investments | 119502,Reliance Industries Limited,2023-24,rejected,,,"Incorrect Source Table: The prompt explicitly asks for the 'Investments' line item as reported on the consolidated balance sheet. Consistent with previous errors on this page, the candidate extracted the figure from a summary table in the ""Managing Director"" section (page 110) rather than navigating to the official audited financial statements.Incomplete Metric: Under Ind AS presentation, investments on the balance sheet are reported as two separate line items: Non-current financial assets and Current financial assets. The extracted figure (1,19,502 crore) corresponds only to RIL's Non-current investments. It completely omits the Current investments (which were ₹1,60,832 crore for the same period).Conclusion: Because the candidate pulled a partial subset of the metric from a front-matter summary table rather than aggregating the total consolidated investments from the actual balance sheet, the answer does not satisfy the strict requirements of the prompt and is therefore wrong.",on_cited_page,"Investments  //  1,19,502","row 'Investments', column '' (p.110, Managing Director, table 0)",
FI59a5f355,"For Sun Pharmaceutical Industries Limited, as reported for the year ended March 31, 2024, what were finance cost (finance cost as reported in the standalone financial statements)?",finance cost as reported in the standalone financial statements,no,7622.0,INR million,201,p201: Interest expense | 7622.0,Sun Pharmaceutical Industries Limited,2023-24,rejected,,,"Incorrect Source Table: The prompt explicitly asks for ""finance cost"" as reported in the standalone financial statements, which requires extracting the total finance cost line item from the face of the Standalone Statement of Profit and Loss (or its dedicated supporting note). The candidate extracted a figure from the ""Related Party Disclosures"" note.Incomplete Metric / Factual Error: The extracted figure (7,622.0 INR million) represents only the interest expense incurred specifically on transactions with related parties (e.g., subsidiaries or joint ventures). It does not represent the company's total standalone finance cost, which would include all interest expenses (e.g., to banks, third-party lenders, lease liabilities, etc.).Conclusion: Because the candidate pulled a highly specific, partial subset of interest expense from a disclosure note rather than the total finance cost from the standalone P&L, the answer does not satisfy the requirements of the prompt and is therefore wrong.",on_cited_page,"Interest expense  //  7,622.0","row 'Interest expense', column 'March 31, 2024' (p.201, Ind AS- 24 - “RELATED PARTY DISCLOSURES”, table 2, column 'March 31, 2024')",
FI4ad727a4,"For Tata Motors Limited, as reported for the year ended March 31, 2024, what were provisions (provisions as reported in the consolidated financial statements)?",provisions as reported in the consolidated financial statements,no,-2366.61,INR crore,282,p282: Provisions | -2366.61,Tata Motors Limited,2023-24,rejected,,,"Metric Mismatch / Incorrect Financial Statement: The prompt asks for ""provisions"" as reported in the consolidated financial statements, which conventionally refers to the liability balance reported on the face of the Consolidated Balance Sheet (typically split between current and non-current provisions).Factual Error: The candidate extracted a negative figure, -2366.61 INR crore (shown as (2,366.61) in the filing) from page 282. As seen in earlier checks for Tata Motors, page 282 contains the Consolidated Statement of Cash Flows. This specific negative figure represents the change or adjustment in provisions (an outflow or reversal) during the year, not the actual ending balance of the liability.Incomplete Metric: Even if the candidate had correctly targeted the balance sheet, ""provisions"" under Ind AS are reported as two separate line items: Non-current provisions and Current provisions. Both must be accounted for to get the total balance.Conclusion: Because the candidate extracted a cash flow movement instead of the actual aggregated balance sheet liability, the answer does not satisfy the requirements of the prompt and is wrong.",on_cited_page,"Provisions  //  (2,366.61)","row 'Provisions', column '' (p.282, 79th Integrated Annual Report, table 0)",
FI38eddf0c,"For HDFC Bank Limited, as reported for the year ended March 31, 2023, what were advances (the 'Advances' line item as reported on the consolidated balance sheet)?",the 'Advances' line item as reported on the consolidated balance sheet,no,1661949.29,crore,412,p412: Advances | 1661949.29,HDFC Bank Limited,2023-24,validated,,,,on_cited_page,"Advances  //  1,661,949.29","row 'Advances', column 'C C in crore' (p.412, Company Secretary, table 0, column 'C C in crore')",
FI193658f9,"For Infosys Limited, as reported for the year ended March 31, 2023, what were current tax (current tax as reported in the consolidated financial statements)?",current tax as reported in the consolidated financial statements,no,9287,INR crore,13,p13: Current tax | 9287,Infosys Limited,2023-24,validated,,,,on_cited_page,"Current tax  //  9,287","row 'Current tax', column None (p.13, Consolidated Statement of Profit and Loss, table 0)",
FI532cfb5b,"For Reliance Industries Limited, as reported for the year ended March 31, 2024, what were profit for the year (profit for the year attributable to owners of the company)?",profit for the year attributable to owners of the company,no,79020,crore,111,p111: Profit for the Year | 79020,Reliance Industries Limited,2023-24,rejected,,,"Profit attributable to Owners of the Company: ₹69,621 crore",on_cited_page,"Profit for the Year  //  79,020","row 'Profit for the Year', column '2023-24' (p.111, Managing Director, table 2, column '2023-24')",
FI63ebeb18,"For Sun Pharmaceutical Industries Limited, as reported for the year ended March 31, 2023, what were interest income (interest income as reported in the standalone financial statements)?",interest income as reported in the standalone financial statements,no,1720.3,INR million,201,p201: Interest income | 1720.3,Sun Pharmaceutical Industries Limited,2023-24,rejected,,,"Incorrect Source Table: The prompt explicitly asks for ""interest income"" as reported in the standalone financial statements, which refers to the total interest income for the company (typically found under ""Other Income"" on the face of the Standalone Statement of Profit and Loss or its dedicated supporting note). The candidate extracted a figure from the ""Related Party Disclosures"" note.Incomplete Metric / Factual Error: The extracted figure (1,720.3 INR million) represents only the interest income earned specifically from transactions with related parties (such as loans to subsidiaries or joint ventures). It does not represent the company's total standalone interest income, which would also include interest earned from external bank deposits, third-party investments, and other financial assets.Conclusion: Because the candidate pulled a highly specific, partial subset of interest income from a disclosure note rather than the total interest income from the standalone financials, the answer does not satisfy the strict requirements of the prompt and is therefore wrong.",on_cited_page,"Interest income  //  1,720.3","row 'Interest income', column 'March 31, 2023' (p.201, Ind AS- 24 - “RELATED PARTY DISCLOSURES”, table 2, column 'March 31, 2023')",
FI4af06972,"For Tata Motors Limited, as reported for the year ended March 31, 2023, what were other income (other income as reported in the consolidated financial statements)?",other income as reported in the consolidated financial statements,no,4633.18,INR crore,281,p281: Other income | 4633.18,Tata Motors Limited,2023-24,validated,,,,on_cited_page,"Other income  //  4,633.18","row 'Other income', column 'March 31, 2023' (p.281, FINANCIALS, table 1, column 'March 31, 2023')",
FI40d1603f,"For HDFC Bank Limited, as reported for the year ended March 31, 2024, what were other equity (other equity as reported in the consolidated financial statements)?",other equity as reported in the consolidated financial statements,no,452982.84,crore,412,p412: Reserves and surplus | 452982.84,HDFC Bank Limited,2023-24,validated,,,,on_cited_page,"Reserves and surplus  //  452,982.84","row 'Reserves and surplus', column 'March 31, 2024' (p.412, Company Secretary, table 0, column 'March 31, 2024')",
FI26192dd3,"For Infosys Limited, as reported for the year ended March 31, 2024, what were property, plant and equipment (property, plant and equipment as reported in the consolidated financial statements)?","property, plant and equipment as reported in the consolidated financial statements",no,12370,INR crore,11,"p11: Property, plant and equipment | 12370",Infosys Limited,2023-24,validated,,,,on_cited_page,"Property, plant and equipment  //  12,370","row 'Property, plant and equipment', column '2024' (p.11, Consolidated Balance Sheet, table 0, column '2024')",
FI586a9cd6,"For Reliance Industries Limited, as reported for the year ended March 31, 2023, what were other expenses (other expenses as reported in the consolidated financial statements)?",other expenses as reported in the consolidated financial statements,no,122318,crore,111,p111: Other Expenses | 122318,Reliance Industries Limited,2023-24,,,,,on_cited_page,"Other Expenses  //  1,22,318","row 'Other Expenses', column '(C in crore) 2022-23' (p.111, Managing Director, table 2, column '(C in crore) 2022-23')",
FI79adc878,"For Sun Pharmaceutical Industries Limited, as reported for the year ended March 31, 2024, what were other financial liabilities (other financial liabilities as reported in the standalone financial statements)?",other financial liabilities as reported in the standalone financial statements,no,17960.1,INR million,182,p182: Other financial liabilities | 17960.1,Sun Pharmaceutical Industries Limited,2023-24,validated,,,,on_cited_page,"Other financial liabilities  //  17,960.1","row 'Other financial liabilities', column 'March 31, 2024' (p.182, Sun Pharmaceutical Industries Limited   |   Annual Report 2023-24, table 1, column 'March 31, 2024')",
FI59f1bc95,"For Tata Motors Limited, as reported for the year ended March 31, 2024, what were cash and cash equivalents (cash and cash equivalents as reported in the consolidated financial statements)?",cash and cash equivalents as reported in the consolidated financial statements,no,2898.72,INR crore,304,p304: Cash and cash equivalents | 2898.72,Tata Motors Limited,2023-24,,,,,on_cited_page,"Cash and cash equivalents  //  2,898.72","row 'Cash and cash equivalents', column 'March  31, 2024' (p.304, 79th Integrated Annual Report, table 1, column 'March  31, 2024')",
FI46e02586,"For HDFC Bank Limited, as reported for the year ended March 31, 2024, what were provisions (provisions as reported in the consolidated financial statements)?",provisions as reported in the consolidated financial statements,no,12798.00,crore,472,p472: Provisions for non - | 12798.00,HDFC Bank Limited,2023-24,validated,,,,on_cited_page,"Provisions for non -  //  12,798.00","row 'Provisions for non -', column 'For the year ended March 31, 2024' (p.472, SCHEDULES TO THE CONSOLIDATED FINANCIAL STATEMENTS, table 0, column 'For the year ended March 31, 2024')",
FI2a51adfb,"For Infosys Limited, in the 2023-24 consolidated financial statements, what was net profit margin?",,yes,,,13,p13: Profit for the year | 26248 ;; p13: Revenue from operations | 153670,Infosys Limited,2023-24,,,,,no_candidate,,,
FI5d5a31ee,"For Reliance Industries Limited, as reported for the year ended March 31, 2023, what were total equity (total equity as reported on the consolidated balance sheet)?",total equity as reported on the consolidated balance sheet,no,828881,crore,110,p110: Total Equity | 828881,Reliance Industries Limited,2023-24,,,,,on_cited_page,"Total Equity  //  8,28,881","row 'Total Equity', column '(C in crore)' (p.110, Managing Director, table 0, column '(C in crore)')",
FI823a83a4,"For Sun Pharmaceutical Industries Limited, as reported for the year ended March 31, 2024, what were trade receivables (trade receivables as reported in the standalone financial statements)?",trade receivables as reported in the standalone financial statements,no,5764.8,INR million,183,p183: Trade receivables | 5764.8,Sun Pharmaceutical Industries Limited,2023-24,rejected,,,"The cited ₹5,764.8 million is real, but it is not the total trade receivables for Sun Pharmaceutical Industries Limited. It is specifically the South African Rand component of trade receivables in the foreign-exchange risk table. The total there is ₹78,252.7 million.The standalone balance sheet reports total Trade receivables = ₹88,341.6 million as at March 31, 2024.",on_cited_page,"Trade receivables  //  5,764.8","row 'Trade receivables', column 'As at March 31, 2024' (p.183, South African, table 0, column 'As at March 31, 2024')",
FI5d61cd35,"For Tata Motors Limited, as reported for the year ended March 31, 2024, what were profit for the year (profit for the year attributable to owners of the company)?",profit for the year attributable to owners of the company,no,31806.75,INR crore,281,p281: Profit for the year (IX-X) | 31806.75 ;; p282: Profit for the year | 31806.75,Tata Motors Limited,2023-24,validated,31399.09,INR crore,,on_cited_page,"Profit for the year (IX-X)  //  31,806.75","row 'Profit for the year (IX-X)', column '' (p.281, FINANCIALS, table 1)",
FI560ce9a1,"For HDFC Bank Limited, as reported for the year ended March 31, 2023, what were property, plant and equipment (property, plant and equipment as reported in the consolidated financial statements)?","property, plant and equipment as reported in the consolidated financial statements",no,8282.56,crore,412,p412: Fixed assets | 8282.56,HDFC Bank Limited,2023-24,validated,,,,on_cited_page,"Fixed assets  //  8,282.56","row 'Fixed assets', column 'C C in crore' (p.412, Company Secretary, table 0, column 'C C in crore')",
FI2d5d10d7,"For Infosys Limited, as reported for the year ended March 31, 2023, what were total income (total income as reported in the consolidated financial statements)?",total income as reported in the consolidated financial statements,no,149468,INR crore,13,p13: Total income | 149468,Infosys Limited,2023-24,,,,,on_cited_page,"Total income  //  1,49,468","row 'Total income', column None (p.13, Consolidated Statement of Profit and Loss, table 0)",
FI5de4e28a,"For Reliance Industries Limited, as reported for the year ended March 31, 2023, what were provisions (provisions as reported in the consolidated financial statements)?",provisions as reported in the consolidated financial statements,no,1607,crore,110,p110: Provisions | 1607,Reliance Industries Limited,2023-24,validated,,,,on_cited_page,"Provisions  //  1,607","row 'Provisions', column '(C in crore)' (p.110, Managing Director, table 0, column '(C in crore)')",
FI8aa54f67,"For Sun Pharmaceutical Industries Limited, as reported for the year ended March 31, 2023, what were other financial liabilities (other financial liabilities as reported in the standalone financial statements)?",other financial liabilities as reported in the standalone financial statements,no,44519.1,INR million,182,p182: Other financial liabilities | 44519.1,Sun Pharmaceutical Industries Limited,2023-24,,,,,on_cited_page,"Other financial liabilities  //  44,519.1","row 'Other financial liabilities', column 'March 31, 2023' (p.182, Sun Pharmaceutical Industries Limited   |   Annual Report 2023-24, table 1, column 'March 31, 2023')",
FI62ef13b7,"For Tata Motors Limited, as reported for the year ended March 31, 2024, what were trade payables (trade payables as reported in the consolidated financial statements)?",trade payables as reported in the consolidated financial statements,no,13705.83,INR crore,282,p282: Trade payables | 13705.83,Tata Motors Limited,2023-24,,,,,on_cited_page,"Trade payables  //  13,705.83","row 'Trade payables', column '' (p.282, 79th Integrated Annual Report, table 0)",
FI5a5bd05d,"For HDFC Bank Limited, as reported for the year ended March 31, 2024, what were provisions and contingencies (provisions and contingencies as reported in the consolidated financial statements)?",provisions and contingencies as reported in the consolidated financial statements,no,36140.38,crore,413,p413: Provisions and contingencies | 36140.38,HDFC Bank Limited,2023-24,validated,,,,on_cited_page,"Provisions and contingencies  //  36,140.38","row 'Provisions and contingencies', column 'March 31, 2024' (p.413, Integrated Annual Report 2023-24, table 0, column 'March 31, 2024')",
FI3a0b2f65,"For Infosys Limited, as reported for the year ended March 31, 2023, what were total equity (total equity as reported on the consolidated balance sheet)?",total equity as reported on the consolidated balance sheet,no,75795,INR crore,12,p12: Total equity | 75795,Infosys Limited,2023-24,validated,,,,on_cited_page,"Total equity  //  75,795","row 'Total equity', column '2023' (p.12, Consolidated Balance Sheet (contd.), table 0, column '2023')",
FI66c8e58d,"For Reliance Industries Limited, as reported for the year ended March 31, 2023, what were revenue from operations (revenue from operations, excluding other income)?","revenue from operations, excluding other income",no,891311,crore,111,p111: Revenue from Operations | 891311,Reliance Industries Limited,2023-24,validated,,,,on_cited_page,"Revenue from Operations  //  8,91,311","row 'Revenue from Operations', column '(C in crore) 2022-23' (p.111, Managing Director, table 2, column '(C in crore) 2022-23')",
FI8dbec08e,"For Sun Pharmaceutical Industries Limited, as reported for the year ended March 31, 2023, what were non-controlling interests (non-controlling interests as reported in the consolidated financial statements)?",non-controlling interests as reported in the consolidated financial statements,no,33200.9,INR million,215,p215: Non-controlling interests | 33200.9,Sun Pharmaceutical Industries Limited,2023-24,,,,,on_cited_page,"Non-controlling interests  //  33,200.9","row 'Non-controlling interests', column 'March 31, 2023' (p.215, Mumbai, May 22, 2024, table 0, column 'March 31, 2023')",
FI684732e4,"For Tata Motors Limited, as reported for the year ended March 31, 2024, what were property, plant and equipment (property, plant and equipment as reported in the consolidated financial statements)?","property, plant and equipment as reported in the consolidated financial statements",no,621.04,INR crore,322,"p322: Property, plant and equipment | 621.04",Tata Motors Limited,2023-24,validated,73124.66,INR crore,"For March 31, 2024, Tata Motors’ consolidated financial statements report:Property, plant and equipment = ₹73,124.66 crore.",on_cited_page,"Property, plant and equipment  //  621.04","row 'Property, plant and equipment', column 'As at March 31, 2024' (p.322, 79th Integrated Annual Report, table 0, column 'As at March 31, 2024')",
FI5b18b38b,"For HDFC Bank Limited, as reported for the year ended March 31, 2023, what were basic earnings per share (basic earnings per share as reported in the consolidated financial statements)?",basic earnings per share as reported in the consolidated financial statements,no,82.64,,477,p477: Basic earnings per share (`) | 82.64,HDFC Bank Limited,2023-24,,,,,on_cited_page,Basic earnings per share (`)  //  82.64,"row 'Basic earnings per share (`)', column 'March 31, 2023' (p.477, Financial Statements, table 1, column 'March 31, 2023')",
FI3a2e587f,"For Infosys Limited, as reported for the year ended March 31, 2023, what were total expenses (total expenses as reported in the consolidated financial statements)?",total expenses as reported in the consolidated financial statements,no,116146,INR crore,13,p13: Total expenses | 116146,Infosys Limited,2023-24,validated,,,,on_cited_page,"Total expenses  //  1,16,146","row 'Total expenses', column None (p.13, Consolidated Statement of Profit and Loss, table 0)",
FI6cb13c6a,"For Reliance Industries Limited, as reported for the year ended March 31, 2024, what were equity share capital (equity share capital as reported in the consolidated financial statements)?",equity share capital as reported in the consolidated financial statements,no,6766,crore,110,p110: Equity Share Capital | 6766,Reliance Industries Limited,2023-24,,,,,on_cited_page,"Equity Share Capital  //  6,766","row 'Equity Share Capital', column '31st March, 2024' (p.110, Managing Director, table 0, column '31st March, 2024')",
FI934156ad,"For Sun Pharmaceutical Industries Limited, in the 2023-24 consolidated financial statements, what was debt to equity ratio (borrowings divided by total equity, both as reported on the consolidated balance sheet, excluding lease liabilities)?","borrowings divided by total equity, both as reported on the consolidated balance sheet, excluding lease liabilities",no,,,265,p265: Borrowings | 28443.6 ;; p215: Total equity | 671059.7,Sun Pharmaceutical Industries Limited,2023-24,,,,,no_candidate,,,
FI78abdcdf,"For Tata Motors Limited, as reported for the year ended March 31, 2023, what were borrowings (the 'borrowings (net)' line item as reported on the standalone balance sheet)?",the 'borrowings (net)' line item as reported on the standalone balance sheet,no,-5.28,INR crore,427,p427: borrowings (net) | -5.28 ;; p449: Total borrowings | 18872.44,Tata Motors Limited,2023-24,validated,,,,on_cited_page,borrowings (net)  //  (5.28),"row 'borrowings (net)', column '' (p.427, FINANCIALS, table 0)",
FI5be0cde8,"For HDFC Bank Limited, as reported for the year ended March 31, 2024, what were non-controlling interests (non-controlling interests as reported in the consolidated financial statements)?",non-controlling interests as reported in the consolidated financial statements,no,13383.40,crore,412,p412: Minority interest | 13383.40,HDFC Bank Limited,2023-24,validated,,,,on_cited_page,"Minority interest  //  13,383.40","row 'Minority interest', column 'March 31, 2024' (p.412, Company Secretary, table 0, column 'March 31, 2024')",
FI3ef3342a,"For Infosys Limited, as reported for the year ended March 31, 2023, what were finance cost (finance cost as reported in the consolidated financial statements)?",finance cost as reported in the consolidated financial statements,no,284,INR crore,13,p13: Finance cost | 284 ;; p63: Interest expense | 103 ;; p63: Interest expense | 5,Infosys Limited,2023-24,validated,,,,on_cited_page,Finance cost  //  284,"row 'Finance cost', column None (p.13, Consolidated Statement of Profit and Loss, table 0)",
FI78900d3e,"For Reliance Industries Limited, as reported for the year ended March 31, 2023, what were other income (other income as reported in the consolidated financial statements)?",other income as reported in the consolidated financial statements,no,11734,crore,111,p111: Other Income | 11734,Reliance Industries Limited,2023-24,validated,,,,on_cited_page,"Other Income  //  11,734","row 'Other Income', column '(C in crore) 2022-23' (p.111, Managing Director, table 2, column '(C in crore) 2022-23')",
FI95005673,"For Sun Pharmaceutical Industries Limited, as reported for the year ended March 31, 2024, what were lease liabilities (lease liabilities as reported in the standalone financial statements)?",lease liabilities as reported in the standalone financial statements,no,1803.0,INR million,182,p182: Lease liabilities | 1803.0,Sun Pharmaceutical Industries Limited,2023-24,,,,,on_cited_page,"Lease liabilities  //  1,803.0","row 'Lease liabilities', column 'March 31, 2024' (p.182, Sun Pharmaceutical Industries Limited   |   Annual Report 2023-24, table 1, column 'March 31, 2024')",
FI819fa951,"For Tata Motors Limited, as reported for the year ended March 31, 2023, what were other financial liabilities (other financial liabilities as reported in the consolidated financial statements)?",other financial liabilities as reported in the consolidated financial statements,no,706.43,INR crore,282,p282: Other financial liabilities | 706.43,Tata Motors Limited,2023-24,,,,,on_cited_page,Other financial liabilities  //  706.43,"row 'Other financial liabilities', column '(₹ in crores)' (p.282, 79th Integrated Annual Report, table 0, column '(₹ in crores)')",
FI5dbee63d,"For HDFC Bank Limited, as reported for the year ended March 31, 2023, what were other equity (other equity as reported in the consolidated financial statements)?",other equity as reported in the consolidated financial statements,no,287762.33,crore,412,p412: Reserves and surplus | 287762.33,HDFC Bank Limited,2023-24,validated,,,,on_cited_page,"Reserves and surplus  //  287,762.33","row 'Reserves and surplus', column 'March 31, 2023' (p.412, Company Secretary, table 0, column 'March 31, 2023')",
FI40a7f29b,"For Infosys Limited, as reported for the year ended March 31, 2024, what were finance cost (finance cost as reported in the consolidated financial statements)?",finance cost as reported in the consolidated financial statements,no,470,INR crore,13,p13: Finance cost | 470 ;; p63: Interest expense | 121 ;; p63: Interest expense | 20,Infosys Limited,2023-24,,,,,on_cited_page,Finance cost  //  470,"row 'Finance cost', column '(In ₹ crore, except equity share and per equity share data) Year ended March 31, 2024 2023' (p.13, Consolidated Statement of Profit and Loss, table 0, column '(In ₹ crore, except equity share and per equity share data) Year ended March 31, 2024 2023')",
FI7e56d1c6,"For Reliance Industries Limited, as reported for the year ended March 31, 2023, what were profit for the year (profit for the year attributable to owners of the company)?",profit for the year attributable to owners of the company,no,74088,crore,111,p111: Profit for the Year | 74088,Reliance Industries Limited,2023-24,validated,66702,INR crore,"For FY 2022–23, Reliance Industries reported: Profit for the Year: ₹74,088 crore. Attributable to owners of the company: ₹66,702 crore",on_cited_page,"Profit for the Year  //  74,088","row 'Profit for the Year', column '(C in crore) 2022-23' (p.111, Managing Director, table 2, column '(C in crore) 2022-23')",
FIa1037777,"For Sun Pharmaceutical Industries Limited, as reported for the year ended March 31, 2023, what were retained earnings (retained earnings as reported in the standalone financial statements)?",retained earnings as reported in the standalone financial statements,no,127908.8,INR million,169,p169: Retained earnings | 127908.8,Sun Pharmaceutical Industries Limited,2023-24,,,,,on_cited_page,"Retained earnings  //  127,908.8","row 'Retained earnings', column 'March 31, 2023' (p.169, NOTE: 21 OTHER EQUITY, table 1, column 'March 31, 2023')",
FI83c9426d,"For Tata Motors Limited, as reported for the year ended March 31, 2023, what were inventories (the 'Inventories' line item as reported on the consolidated balance sheet)?",the 'Inventories' line item as reported on the consolidated balance sheet,no,-5665.36,INR crore,282,p282: Inventories | -5665.36,Tata Motors Limited,2023-24,validated,40755.39,INR crore,"The candidate -₹5,665.36 crore is incorrect. The consolidated balance sheet reports:Inventories = ₹40,755.39 crore as at March 31, 2023.Select c and enter 40755.39 crore.",on_cited_page,"Inventories  //  (5,665.36)","row 'Inventories', column '(₹ in crores)' (p.282, 79th Integrated Annual Report, table 0, column '(₹ in crores)')",
FI676579d8,"For HDFC Bank Limited, as reported for the year ended March 31, 2024, what were investments (the 'Investments' line item as reported on the consolidated balance sheet)?",the 'Investments' line item as reported on the consolidated balance sheet,no,1005681.63,crore,412,p412: Investments | 1005681.63,HDFC Bank Limited,2023-24,validated,,,,on_cited_page,"Investments  //  1,005,681.63","row 'Investments', column '' (p.412, Company Secretary, table 0)",
FI40d6be1f,"For Infosys Limited, as reported for the year ended March 31, 2023, what were revenue from operations (revenue from operations, excluding other income)?","revenue from operations, excluding other income",no,146767,INR crore,13,p13: Revenue from operations | 146767,Infosys Limited,2023-24,validated,,,,on_cited_page,"Revenue from operations  //  146,767","row 'Revenue from operations', column None (p.13, Consolidated Statement of Profit and Loss, table 0)",
FI82a95e99,"For Reliance Industries Limited, as reported for the year ended March 31, 2024, what were other financial liabilities (other financial liabilities as reported in the consolidated financial statements)?",other financial liabilities as reported in the consolidated financial statements,no,5667,crore,110,p110: Other Financial Liabilities | 5667,Reliance Industries Limited,2023-24,validated,61269,crore,"₹5,667 crore is not the FY 2023–24 consolidated figure. In the consolidated balance sheet, “Other Financial Liabilities” was ₹27,493 crore (current); the non-current amount was nil.",on_cited_page,"Other Financial Liabilities  //  5,667","row 'Other Financial Liabilities', column '' (p.110, Managing Director, table 0)",
FIa9d79d75,"For Sun Pharmaceutical Industries Limited, as reported for the year ended March 31, 2024, what were total equity (total equity as reported on the consolidated balance sheet)?",total equity as reported on the consolidated balance sheet,no,671059.7,INR million,215,p215: Total equity | 671059.7,Sun Pharmaceutical Industries Limited,2023-24,validated,,,,on_cited_page,"Total equity  //  671,059.7","row 'Total equity', column 'March 31, 2024' (p.215, Mumbai, May 22, 2024, table 0, column 'March 31, 2024')",
FI85d75350,"For Tata Motors Limited, as reported for the year ended March 31, 2023, what were finance cost (finance cost as reported in the consolidated financial statements)?",finance cost as reported in the consolidated financial statements,no,8.85,INR crore,339,p339: Interest expense | 8.85,Tata Motors Limited,2023-24,validated,10225.48,INR crore,The candidate ₹8.85 crore is not the consolidated finance cost. It is an interest expense figure from a different context.,on_cited_page,Interest expense  //  8.85,"row 'Interest expense', column 'March 31, 2023' (p.339, FINANCIALS, table 0, column 'March 31, 2023')",
FI68ab4cd9,"For HDFC Bank Limited, as reported for the year ended March 31, 2023, what were total assets (total assets as reported in the standalone financial statements)?",total assets as reported in the standalone financial statements,no,63136.81,crore,332,p332: Total Assets | 63136.81,HDFC Bank Limited,2023-24,,,,,on_cited_page,"Total Assets  //  63,136.81","row 'Total Assets', column '(` crore) March 31, 2023' (p.332, Resolution Plan, table 0, column '(` crore) March 31, 2023')",
FI43f5f1a7,"For Infosys Limited, as reported for the year ended March 31, 2024, what were interest income (interest income as reported in the consolidated financial statements)?",interest income as reported in the consolidated financial statements,no,127,INR crore,63,p63: Interest income | 127 ;; p63: Interest income | 20,Infosys Limited,2023-24,rejected,,,The ₹127 crore figure is not the company's overall “interest income”. It is specifically the interest income on gratuity plan assets within Note 2.22.1.,on_cited_page,Interest income  //  127,"row 'Interest income', column '' (p.63, 2.22.1 Gratuity and pension, table 0)",
FI848f1f33,"For Reliance Industries Limited, in the 2023-24 consolidated financial statements, what was net profit margin?",,yes,,,111,p111: Profit for the Year | 79020 ;; p111: Revenue from Operations | 914472,Reliance Industries Limited,2023-24,validated,8.64,percentage,%,no_candidate,,,
FIacdc4b94,"For Sun Pharmaceutical Industries Limited, as reported for the year ended March 31, 2023, what were total equity (total equity as reported on the consolidated balance sheet)?",total equity as reported on the consolidated balance sheet,no,593154.7,INR million,215,p215: Total equity | 593154.7,Sun Pharmaceutical Industries Limited,2023-24,,,,,on_cited_page,"Total equity  //  593,154.7","row 'Total equity', column 'March 31, 2023' (p.215, Mumbai, May 22, 2024, table 0, column 'March 31, 2023')",
FI8d0edaae,"For Tata Motors Limited, as reported for the year ended March 31, 2023, what were provisions (provisions as reported in the consolidated financial statements)?",provisions as reported in the consolidated financial statements,no,480.57,INR crore,282,p282: Provisions | 480.57,Tata Motors Limited,2023-24,,,,,on_cited_page,Provisions  //  480.57,"row 'Provisions', column '(₹ in crores)' (p.282, 79th Integrated Annual Report, table 0, column '(₹ in crores)')",
FI6d4f1b3c,"For HDFC Bank Limited, as reported for the year ended March 31, 2024, what were deferred tax (deferred tax as reported in the consolidated financial statements)?",deferred tax as reported in the consolidated financial statements,no,9301.96,crore,423,p423: Deferred Tax Assets | 9301.96,HDFC Bank Limited,2023-24,validated,8415.03,crore,"The candidate ₹9,301.96 crore is specifically Deferred Tax Assets, not the requested “deferred tax” as reported in HDFC Bank Limited’s consolidated financial statements.",on_cited_page,"Deferred Tax Assets  //  9,301.96","row 'Deferred Tax Assets', column 'March 31, 2024' (p.423, Financial Statements, table 0, column 'March 31, 2024')",
FI53ce4398,"For Infosys Limited, as reported for the year ended March 31, 2023, what were property, plant and equipment (property, plant and equipment as reported in the consolidated financial statements)?","property, plant and equipment as reported in the consolidated financial statements",no,13346,INR crore,11,"p11: Property, plant and equipment | 13346 ;; p55: Property, plant and equipment | 169",Infosys Limited,2023-24,validated,,,,on_cited_page,"Property, plant and equipment  //  13,346","row 'Property, plant and equipment', column '2023' (p.11, Consolidated Balance Sheet, table 0, column '2023')",
FI84e9d191,"For Reliance Industries Limited, as reported for the year ended March 31, 2024, what were total expenses (total expenses as reported in the consolidated financial statements)?",total expenses as reported in the consolidated financial statements,no,826189,crore,111,p111: Total Expenses | 826189,Reliance Industries Limited,2023-24,,,,,on_cited_page,"Total Expenses  //  8,26,189","row 'Total Expenses', column '2023-24' (p.111, Managing Director, table 2, column '2023-24')",
FIb5cbfd79,"For Sun Pharmaceutical Industries Limited, as reported for the year ended March 31, 2023, what were profit before tax (profit before tax as reported in the consolidated financial statements)?",profit before tax as reported in the consolidated financial statements,no,94084.3,INR million,269,p269: Profit before tax | 94084.3,Sun Pharmaceutical Industries Limited,2023-24,validated,,,,on_cited_page,"Profit before tax  //  94,084.3","row 'Profit before tax', column 'March 31, 2023' (p.269, NOTE: 50 DEFERRED TAX, table 1, column 'March 31, 2023')",
FI8fdff60d,"For Tata Motors Limited, as reported for the year ended March 31, 2023, what were profit for the year (profit for the year attributable to owners of the company)?",profit for the year attributable to owners of the company,no,2689.87,INR crore,281,p281: Profit for the year (IX-X) | 2689.87 ;; p282: Profit for the year | 2689.87,Tata Motors Limited,2023-24,validated,2414.29,INR crore,"Total profit for the year: ₹2,689.87 croreAttributable to shareholders of the Company: ₹2,414.29 croreAttributable to non-controlling interests: ₹275.58 crore",on_cited_page,"Profit for the year (IX-X)  //  2,689.87","row 'Profit for the year (IX-X)', column '(₹ in crores)' (p.281, FINANCIALS, table 1, column '(₹ in crores)')",
FI81744692,"For HDFC Bank Limited, as reported for the year ended March 31, 2023, what were non-controlling interests (non-controlling interests as reported in the consolidated financial statements)?",non-controlling interests as reported in the consolidated financial statements,no,860.26,crore,412,p412: Minority interest | 860.26,HDFC Bank Limited,2023-24,,,,,on_cited_page,Minority interest  //  860.26,"row 'Minority interest', column 'March 31, 2023' (p.412, Company Secretary, table 0, column 'March 31, 2023')",
FI5771e802,"For Infosys Limited, as reported for the year ended March 31, 2024, what were non-controlling interests (non-controlling interests as reported in the consolidated financial statements)?",non-controlling interests as reported in the consolidated financial statements,no,345,INR crore,12,p12: Non-controlling interests | 345,Infosys Limited,2023-24,,,,,on_cited_page,Non-controlling interests  //  345,"row 'Non-controlling interests', column '2024' (p.12, Consolidated Balance Sheet (contd.), table 0, column '2024')",
FI8546c5c0,"For Reliance Industries Limited, as reported for the year ended March 31, 2023, what were borrowings (the 'Borrowings' line item as reported on the consolidated balance sheet)?",the 'Borrowings' line item as reported on the consolidated balance sheet,no,183176,crore,110,p110: Borrowings | 183176 ;; p140: Borrowings | 135702 ;; p140: Borrowings | 12029,Reliance Industries Limited,2023-24,validated,,,,on_cited_page,"Borrowings  //  1,83,176","row 'Borrowings', column '(C in crore)' (p.110, Managing Director, table 0, column '(C in crore)')",
FIbeb71021,"For Sun Pharmaceutical Industries Limited, as reported for the year ended March 31, 2023, what were trade payables (trade payables as reported in the standalone financial statements)?",trade payables as reported in the standalone financial statements,no,31255.8,INR million,182,p182: Trade payables | 31255.8,Sun Pharmaceutical Industries Limited,2023-24,validated,,,,on_cited_page,"Trade payables  //  31,255.8","row 'Trade payables', column 'March 31, 2023' (p.182, Sun Pharmaceutical Industries Limited   |   Annual Report 2023-24, table 1, column 'March 31, 2023')",
FI939a55f7,"For Tata Motors Limited, as reported for the year ended March 31, 2023, what were property, plant and equipment (property, plant and equipment as reported in the consolidated financial statements)?","property, plant and equipment as reported in the consolidated financial statements",no,2271.29,INR crore,322,"p322: Property, plant and equipment | 2271.29",Tata Motors Limited,2023-24,validated,76641.43,INR crore,"consolidated property, plant and equipment was ₹76,641.43 crore as at March 31, 2023. The candidate’s ₹2,271.29 crore is not the corresponding consolidated figure",on_cited_page,"Property, plant and equipment  //  2,271.29","row 'Property, plant and equipment', column '(₹ in crores) As at March 31, 2023' (p.322, 79th Integrated Annual Report, table 0, column '(₹ in crores) As at March 31, 2023')",
FI8c6359a7,"For HDFC Bank Limited, as reported for the year ended March 31, 2024, what were deposits (the 'Deposits' line item as reported on the consolidated balance sheet)?",the 'Deposits' line item as reported on the consolidated balance sheet,no,2376887.28,crore,412,p412: Deposits | 2376887.28,HDFC Bank Limited,2023-24,,,,,on_cited_page,"Deposits  //  2,376,887.28","row 'Deposits', column 'March 31, 2024' (p.412, Company Secretary, table 0, column 'March 31, 2024')",
FI5e6a4e27,"For Infosys Limited, as reported for the year ended March 31, 2024, what were other equity (other equity as reported in the consolidated financial statements)?",other equity as reported in the consolidated financial statements,no,86045,INR crore,12,p12: Other equity | 86045,Infosys Limited,2023-24,validated,,,,on_cited_page,"Other equity  //  86,045","row 'Other equity', column '2024' (p.12, Consolidated Balance Sheet (contd.), table 0, column '2024')",
FI968b3b3a,"For Reliance Industries Limited, as reported for the year ended March 31, 2023, what were investments (the 'Investments' line item as reported on the consolidated balance sheet)?",the 'Investments' line item as reported on the consolidated balance sheet,no,117087,crore,110,p110: Investments | 117087,Reliance Industries Limited,2023-24,validated,,,,on_cited_page,"Investments  //  1,17,087","row 'Investments', column '(C in crore)' (p.110, Managing Director, table 0, column '(C in crore)')",
FIc4b13188,"For Sun Pharmaceutical Industries Limited, as reported for the year ended March 31, 2024, what were non-controlling interests (non-controlling interests as reported in the consolidated financial statements)?",non-controlling interests as reported in the consolidated financial statements,no,34392.2,INR million,215,p215: Non-controlling interests | 34392.2,Sun Pharmaceutical Industries Limited,2023-24,validated,,,,on_cited_page,"Non-controlling interests  //  34,392.2","row 'Non-controlling interests', column 'March 31, 2024' (p.215, Mumbai, May 22, 2024, table 0, column 'March 31, 2024')",
FI93f565fc,"For Tata Motors Limited, as reported for the year ended March 31, 2024, what were borrowings (the 'borrowings (net)' line item as reported on the standalone balance sheet)?",the 'borrowings (net)' line item as reported on the standalone balance sheet,no,13.79,INR crore,427,p427: borrowings (net) | 13.79 ;; p449: Total borrowings | 13771.04,Tata Motors Limited,2023-24,validated,,,,on_cited_page,borrowings (net)  //  13.79,"row 'borrowings (net)', column '' (p.427, FINANCIALS, table 0)",
FI936e8856,"For HDFC Bank Limited, as reported for the year ended March 31, 2023, what were borrowings (the 'Borrowings' line item as reported on the consolidated balance sheet)?",the 'Borrowings' line item as reported on the consolidated balance sheet,no,256548.66,crore,412,p412: Borrowings | 256548.66,HDFC Bank Limited,2023-24,,,,,on_cited_page,"Borrowings  //  256,548.66","row 'Borrowings', column 'March 31, 2023' (p.412, Company Secretary, table 0, column 'March 31, 2023')",
FI60e52f8f,"For Infosys Limited, as reported for the year ended March 31, 2023, what were profit before tax (profit before tax as reported in the consolidated financial statements)?",profit before tax as reported in the consolidated financial statements,no,33322,INR crore,13,p13: Profit before tax | 33322,Infosys Limited,2023-24,validated,,,,on_cited_page,"Profit before tax  //  33,322","row 'Profit before tax', column None (p.13, Consolidated Statement of Profit and Loss, table 0)",
FI995ccc77,"For Reliance Industries Limited, as reported for the year ended March 31, 2023, what were lease liabilities (lease liabilities as reported in the consolidated financial statements)?",lease liabilities as reported in the consolidated financial statements,no,16230,crore,110,p110: Lease Liabilities | 16230,Reliance Industries Limited,2023-24,validated,20426,INR crore,"Non-current Lease Liabilities: ₹16,230 crore and Current Lease Liabilities: ₹4,196 crore",on_cited_page,"Lease Liabilities  //  16,230","row 'Lease Liabilities', column '(C in crore)' (p.110, Managing Director, table 0, column '(C in crore)')",
FIc8f5dc59,"For Sun Pharmaceutical Industries Limited, as reported for the year ended March 31, 2024, what were revenue from contracts with customers (revenue from contracts with customers as reported in the consolidated financial statements)?",revenue from contracts with customers as reported in the consolidated financial statements,no,477584.5,INR million,272,p272: Revenue from contracts with customers | 477584.5,Sun Pharmaceutical Industries Limited,2023-24,validated,,,,on_cited_page,"Revenue from contracts with customers  //  477,584.5","row 'Revenue from contracts with customers', column 'March 31, 2024' (p.272, Sun Pharmaceutical Industries Limited   |   Annual Report 2023-24, table 1, column 'March 31, 2024')",
FI97aaec99,"For Tata Motors Limited, as reported for the year ended March 31, 2023, what were cash and cash equivalents (cash and cash equivalents as reported in the consolidated financial statements)?",cash and cash equivalents as reported in the consolidated financial statements,no,4028.79,INR crore,304,p304: Cash and cash equivalents | 4028.79 ;; p346: Cash and cash equivalents | 2581.78,Tata Motors Limited,2023-24,validated,,,,on_cited_page,"Cash and cash equivalents  //  4,028.79","row 'Cash and cash equivalents', column 'March  31, 2023' (p.304, 79th Integrated Annual Report, table 1, column 'March  31, 2023')",
FI9676d18d,"For HDFC Bank Limited, as reported for the year ended March 31, 2024, what were contingent liabilities (contingent liabilities as reported in the consolidated financial statements)?",contingent liabilities as reported in the consolidated financial statements,no,2344487.73,crore,412,p412: Contingent liabilities | 2344487.73,HDFC Bank Limited,2023-24,validated,,,,on_cited_page,"Contingent liabilities  //  2,344,487.73","row 'Contingent liabilities', column '' (p.412, Company Secretary, table 0)",
FI61c9344b,"For Infosys Limited, as reported for the year ended March 31, 2024, what were capital work-in-progress (capital work-in-progress as reported in the consolidated financial statements)?",capital work-in-progress as reported in the consolidated financial statements,no,293,INR crore,11,p11: Capital work-in-progress | 293,Infosys Limited,2023-24,validated,,,,on_cited_page,Capital work-in-progress  //  293,"row 'Capital work-in-progress', column '2024' (p.11, Consolidated Balance Sheet, table 0, column '2024')",
FI998a2f87,"For Reliance Industries Limited, as reported for the year ended March 31, 2023, what were property, plant and equipment (property, plant and equipment as reported in the consolidated financial statements)?","property, plant and equipment as reported in the consolidated financial statements",no,570503,crore,110,"p110: Property, Plant and Equipment | 570503",Reliance Industries Limited,2023-24,,,,,on_cited_page,"Property, Plant and Equipment  //  5,70,503","row 'Property, Plant and Equipment', column '31st March, 2023' (p.110, Managing Director, table 0, column '31st March, 2023')",
FIcdeccf7e,"For Sun Pharmaceutical Industries Limited, as reported for the year ended March 31, 2024, what were profit before tax (profit before tax as reported in the consolidated financial statements)?",profit before tax as reported in the consolidated financial statements,no,110878.9,INR million,269,p269: Profit before tax | 110878.9,Sun Pharmaceutical Industries Limited,2023-24,,,,,on_cited_page,"Profit before tax  //  110,878.9","row 'Profit before tax', column 'March 31, 2024' (p.269, NOTE: 50 DEFERRED TAX, table 1, column 'March 31, 2024')",
FI9b206906,"For Tata Motors Limited, as reported for the year ended March 31, 2024, what were deposits (the 'Deposits' line item as reported on the consolidated balance sheet)?",the 'Deposits' line item as reported on the consolidated balance sheet,no,793.85,INR crore,307,p307: Deposits | 793.85 ;; p307: Deposits with banks | 109.26 ;; p309: Deposits with banks | 33223.89,Tata Motors Limited,2023-24,validated,,,,on_cited_page,Deposits  //  793.85,"row 'Deposits', column 'March  31, 2024' (p.307, FINANCIALS, table 1, column 'March  31, 2024')",
FI997cffc2,"For HDFC Bank Limited, in the 2023-24 consolidated financial statements, what was net profit margin?",,yes,,,471,p471: Net profit (5)-(6)-(7) | 65446.50 ;; p483: Turnover | 14171.10,HDFC Bank Limited,2023-24,validated,20.14,%,"Consolidated net profit attributable to the group = ₹61,966 crore and Total consolidated income = ₹3,07,581.57 crore",no_candidate,,,
FI76364d83,"For Infosys Limited, as reported for the year ended March 31, 2023, what were equity share capital (equity share capital as reported in the consolidated financial statements)?",equity share capital as reported in the consolidated financial statements,no,2069,INR crore,12,p12: Equity share capital | 2069,Infosys Limited,2023-24,,,,,on_cited_page,"Equity share capital  //  2,069","row 'Equity share capital', column '2023' (p.12, Consolidated Balance Sheet (contd.), table 0, column '2023')",
FI9ca60f10,"For Reliance Industries Limited, as reported for the year ended March 31, 2024, what were total equity (total equity as reported on the consolidated balance sheet)?",total equity as reported on the consolidated balance sheet,no,925788,crore,110,p110: Total Equity | 925788,Reliance Industries Limited,2023-24,validated,,,,on_cited_page,"Total Equity  //  9,25,788","row 'Total Equity', column '' (p.110, Managing Director, table 0)",
FIcf527315,"For Sun Pharmaceutical Industries Limited, as reported for the year ended March 31, 2024, what were trade payables (trade payables as reported in the standalone financial statements)?",trade payables as reported in the standalone financial statements,no,26195.8,INR million,182,p182: Trade payables | 26195.8,Sun Pharmaceutical Industries Limited,2023-24,validated,,,,on_cited_page,"Trade payables  //  26,195.8","row 'Trade payables', column 'March 31, 2024' (p.182, Sun Pharmaceutical Industries Limited   |   Annual Report 2023-24, table 1, column 'March 31, 2024')",
FI9bc420d8,"For Tata Motors Limited, as reported for the year ended March 31, 2024, what were inventories (the 'Inventories' line item as reported on the consolidated balance sheet)?",the 'Inventories' line item as reported on the consolidated balance sheet,no,-7265.23,INR crore,282,p282: Inventories | -7265.23,Tata Motors Limited,2023-24,validated,47788.29,INR crore,"The candidate −₹7,265.23 crore is wrong for the requested metric. The parentheses indicate a negative figure from a different financial context, not the consolidated balance-sheet inventory balance.",on_cited_page,"Inventories  //  (7,265.23)","row 'Inventories', column '' (p.282, 79th Integrated Annual Report, table 0)",
FIa4906a2d,"For HDFC Bank Limited, as reported for the year ended March 31, 2023, what were contingent liabilities (contingent liabilities as reported in the consolidated financial statements)?",contingent liabilities as reported in the consolidated financial statements,no,1750953.81,crore,412,p412: Contingent liabilities | 1750953.81,HDFC Bank Limited,2023-24,validated,,,,on_cited_page,"Contingent liabilities  //  1,750,953.81","row 'Contingent liabilities', column 'C C in crore' (p.412, Company Secretary, table 0, column 'C C in crore')",
FI7f9e3e0f,"For Infosys Limited, in the 2023-24 consolidated financial statements, what was return on equity?",,yes,,,13,p13: Profit for the year | 26248 ;; p12: Total equity | 88461,Infosys Limited,2023-24,validated,32.1,%,Infosys’s FY2023–24 consolidated financial statements report Return on Equity / Return on Net Worth = 32.1%. The company defines it as net profit divided by average net worth.,no_candidate,,,
FI9e9260be,"For Reliance Industries Limited, in the 2023-24 consolidated financial statements, what was debt to equity ratio (borrowings divided by total equity, both as reported on the consolidated balance sheet, excluding lease liabilities)?","borrowings divided by total equity, both as reported on the consolidated balance sheet, excluding lease liabilities",no,,,110,p110: Borrowings | 16 ;; p110: Total Equity | 925788,Reliance Industries Limited,2023-24,validated,0.41,,"This also matches RIL's reported consolidated debt-equity ratio of 0.41 times [unit corrected from 'crore' to dimensionless: a debt-to-equity ratio has no scale, and 'crore' would have multiplied the gold answer by 1e7. The figure 0.41 is the validator's own, unchanged - RX-031.]",no_candidate,,,
FIdceb496e,"For Sun Pharmaceutical Industries Limited, in the 2023-24 consolidated financial statements, what was return on equity?",,yes,,,218,p218: Profit for the year | 84735.8 ;; p215: Total equity | 671059.7,Sun Pharmaceutical Industries Limited,2023-24,,,,,no_candidate,,,
FIae47e20f,"For Tata Motors Limited, as reported for the year ended March 31, 2023, what were exceptional items (exceptional items as reported in the consolidated financial statements)?",exceptional items as reported in the consolidated financial statements,no,-1590.53,INR crore,281,p281: Exceptional items | -1590.53,Tata Motors Limited,2023-24,validated,,,,on_cited_page,"Exceptional items  //  (1,590.53)","row 'Exceptional items', column '(₹ in crores)' (p.281, FINANCIALS, table 1, column '(₹ in crores)')",
FIa72e7c51,"For HDFC Bank Limited, as reported for the year ended March 31, 2023, what were deferred tax (deferred tax as reported in the consolidated financial statements)?",deferred tax as reported in the consolidated financial statements,no,7292.26,crore,423,p423: Deferred Tax Assets | 7292.26,HDFC Bank Limited,2023-24,,,,,on_cited_page,"Deferred Tax Assets  //  7,292.26","row 'Deferred Tax Assets', column 'March 31, 2023' (p.423, Financial Statements, table 0, column 'March 31, 2023')",
FI86b546a4,"For Infosys Limited, as reported for the year ended March 31, 2024, what were total expenses (total expenses as reported in the consolidated financial statements)?",total expenses as reported in the consolidated financial statements,no,122393,INR crore,13,p13: Total expenses | 122393,Infosys Limited,2023-24,,,,,on_cited_page,"Total expenses  //  1,22,393","row 'Total expenses', column '(In ₹ crore, except equity share and per equity share data) Year ended March 31, 2024 2023' (p.13, Consolidated Statement of Profit and Loss, table 0, column '(In ₹ crore, except equity share and per equity share data) Year ended March 31, 2024 2023')",
FIa19385df,"For Reliance Industries Limited, as reported for the year ended March 31, 2024, what were borrowings (the 'Borrowings' line item as reported on the consolidated balance sheet)?",the 'Borrowings' line item as reported on the consolidated balance sheet,no,222712,crore,110,p110: Borrowings | 222712 ;; p140: Borrowings | 12275,Reliance Industries Limited,2023-24,,,,,on_cited_page,"Borrowings  //  2,22,712","row 'Borrowings', column '' (p.110, Managing Director, table 0)",
FIe54c9edd,"For Sun Pharmaceutical Industries Limited, as reported for the year ended March 31, 2023, what were goodwill (goodwill as reported in the consolidated financial statements)?",goodwill as reported in the consolidated financial statements,no,16041.5,INR million,286,p286: Goodwill | 16041.5,Sun Pharmaceutical Industries Limited,2023-24,,,,,on_cited_page,"Goodwill  //  16,041.5","row 'Goodwill', column 'March 31, 2023 *' (p.286, Sun Pharmaceutical Industries Limited   |   Annual Report 2023-24, table 1, column 'March 31, 2023 *')",
FIaf51dbd9,"For Tata Motors Limited, as reported for the year ended March 31, 2023, what were total income (total income as reported in the consolidated financial statements)?",total income as reported in the consolidated financial statements,no,350600.15,INR crore,281,p281: Total income (I+II) | 350600.15,Tata Motors Limited,2023-24,validated,,,,on_cited_page,"Total income (I+II)  //  350,600.15","row 'Total income (I+II)', column 'March 31, 2023' (p.281, FINANCIALS, table 1, column 'March 31, 2023')",
FIaa5ea0c7,"For HDFC Bank Limited, as reported for the year ended March 31, 2024, what were other income (other income as reported in the consolidated financial statements)?",other income as reported in the consolidated financial statements,no,124345.75,crore,413,p413: Other income | 124345.75,HDFC Bank Limited,2023-24,,,,,on_cited_page,"Other income  //  124,345.75","row 'Other income', column 'March 31, 2024' (p.413, Integrated Annual Report 2023-24, table 0, column 'March 31, 2024')",
FI9276806c,"For Infosys Limited, as reported for the year ended March 31, 2023, what were trade receivables (trade receivables as reported in the consolidated financial statements)?",trade receivables as reported in the consolidated financial statements,no,261,INR crore,55,p55: Trade receivables | 261,Infosys Limited,2023-24,rejected,,,"For Infosys Limited, as reported for the year ended March 31, 2023, what were trade receivables  (trade receivables as reported in the consolidated financial statements)?  definition: trade receivables as reported in the consolidated financial statements────────────────────────────────────────────────────────────────────────────────────────────────────  candidate answer   261   INR crore  cited page         p55  read from           row 'Trade receivables', column '' (p.55, the provisions of the Income-tax  Act, 1961. (Refer to Special, table 0)  machine pre-check  on_cited_page — the figure is printed on the cited page  from the filing:      Trade receivables      261────────────────────────────────────────────────────────────────────────────────────────────────────  Is this the right answer to the question as written?  Check the metric, the year's column, the scale and the sign.  [y] correct      [c] correct, but a different number  [n] wrong        [?] unsure / needs review  [s] skip         [q] save and quitq",on_cited_page,Trade receivables  //  261,"row 'Trade receivables', column '' (p.55, the provisions of the Income-tax Act, 1961. (Refer to Special, table 0)",
FIaf09d6af,"For Reliance Industries Limited, as reported for the year ended March 31, 2024, what were deferred tax (deferred tax as reported in the consolidated financial statements)?",deferred tax as reported in the consolidated financial statements,no,938,crore,110,p110: Deferred Tax Assets (Net) | 938 ;; p111: Deferred Tax | 12117,Reliance Industries Limited,2023-24,rejected,,,"The candidate ₹938 crore is specifically “Deferred Tax Assets (Net)”, not the broader metric “deferred tax” requested by the question.",on_cited_page,Deferred Tax Assets (Net)  //  938,"row 'Deferred Tax Assets (Net)', column '' (p.110, Managing Director, table 0)",
FIeb1fe7eb,"For Sun Pharmaceutical Industries Limited, as reported for the year ended March 31, 2024, what were borrowings (the 'Borrowings' line item as reported on the standalone balance sheet)?",the 'Borrowings' line item as reported on the standalone balance sheet,no,110466.1,INR million,182,p182: Borrowings | 110466.1,Sun Pharmaceutical Industries Limited,2023-24,validated,,,,on_cited_page,"Borrowings  //  110,466.1","row 'Borrowings', column 'March 31, 2024' (p.182, Sun Pharmaceutical Industries Limited   |   Annual Report 2023-24, table 1, column 'March 31, 2024')",
FIb697b29c,"For Tata Motors Limited, as reported for the year ended March 31, 2023, what were trade receivables (trade receivables as reported in the consolidated financial statements)?",trade receivables as reported in the consolidated financial statements,no,-2830.10,INR crore,282,p282: Trade receivables | -2830.10,Tata Motors Limited,2023-24,validated,28302.10,INR crore,"The candidate ₹2,830.10 crore is not the balance-sheet total trade receivables; it is a cash-flow movement/adjustment for trade receivables. Tata Motors’ FY2022–23 consolidated balance sheet reports Trade receivables = ₹28,302.10 crore as at March 31, 2023.",on_cited_page,"Trade receivables  //  (2,830.10)","row 'Trade receivables', column '(₹ in crores)' (p.282, 79th Integrated Annual Report, table 0, column '(₹ in crores)')",
FIb2f9cc5c,"For HDFC Bank Limited, as reported for the year ended March 31, 2023, what were other income (other income as reported in the consolidated financial statements)?",other income as reported in the consolidated financial statements,no,33912.05,crore,413,p413: Other income | 33912.05,HDFC Bank Limited,2023-24,validated,,,,on_cited_page,"Other income  //  33,912.05","row 'Other income', column 'March 31, 2023' (p.413, Integrated Annual Report 2023-24, table 0, column 'March 31, 2023')",
FI9724aa11,"For Infosys Limited, as reported for the year ended March 31, 2024, what were current tax (current tax as reported in the consolidated financial statements)?",current tax as reported in the consolidated financial statements,no,8390,INR crore,13,p13: Current tax | 8390,Infosys Limited,2023-24,validated,,,,on_cited_page,"Current tax  //  8,390","row 'Current tax', column '(In ₹ crore, except equity share and per equity share data) Year ended March 31, 2024 2023' (p.13, Consolidated Statement of Profit and Loss, table 0, column '(In ₹ crore, except equity share and per equity share data) Year ended March 31, 2024 2023')",
FIb794dafb,"For Reliance Industries Limited, as reported for the year ended March 31, 2024, what were lease liabilities (lease liabilities as reported in the consolidated financial statements)?",lease liabilities as reported in the consolidated financial statements,no,17415,crore,110,p110: Lease Liabilities | 17415,Reliance Industries Limited,2023-24,validated,,,,on_cited_page,"Lease Liabilities  //  17,415","row 'Lease Liabilities', column '' (p.110, Managing Director, table 0)",
FIf3a05898,"For Sun Pharmaceutical Industries Limited, in the 2023-24 consolidated financial statements, what was return on assets?",,yes,,,218,p218: Profit for the year | 84735.8 ;; p214: TOTAL ASSETS | 854628.8,Sun Pharmaceutical Industries Limited,2023-24,validated,11.20,%,,no_candidate,,,
FIb8bc660a,"For Tata Motors Limited, as reported for the year ended March 31, 2024, what were other income (other income as reported in the consolidated financial statements)?",other income as reported in the consolidated financial statements,no,5949.92,INR crore,281,p281: Other income | 5949.92,Tata Motors Limited,2023-24,,,,,on_cited_page,"Other income  //  5,949.92","row 'Other income', column 'March 31, 2024' (p.281, FINANCIALS, table 1, column 'March 31, 2024')",
FIb6da1598,"For HDFC Bank Limited, as reported for the year ended March 31, 2023, what were deposits (the 'Deposits' line item as reported on the consolidated balance sheet)?",the 'Deposits' line item as reported on the consolidated balance sheet,no,1882663.25,crore,412,p412: Deposits | 1882663.25,HDFC Bank Limited,2023-24,validated,,,,on_cited_page,"Deposits  //  1,882,663.25","row 'Deposits', column 'March 31, 2023' (p.412, Company Secretary, table 0, column 'March 31, 2023')",
FI9c1ced2e,"For Infosys Limited, as reported for the year ended March 31, 2024, what were equity share capital (equity share capital as reported in the consolidated financial statements)?",equity share capital as reported in the consolidated financial statements,no,2071,INR crore,12,p12: Equity share capital | 2071,Infosys Limited,2023-24,validated,,,,on_cited_page,"Equity share capital  //  2,071","row 'Equity share capital', column '2024' (p.12, Consolidated Balance Sheet (contd.), table 0, column '2024')",
FIba0c8f7d,"For Reliance Industries Limited, as reported for the year ended March 31, 2024, what were goodwill (goodwill as reported in the consolidated financial statements)?",goodwill as reported in the consolidated financial statements,no,14989,crore,110,p110: Goodwill | 14989,Reliance Industries Limited,2023-24,validated,,,,on_cited_page,"Goodwill  //  14,989","row 'Goodwill', column '' (p.110, Managing Director, table 0)",
FIf53fedac,"For Sun Pharmaceutical Industries Limited, as reported for the year ended March 31, 2023, what were borrowings (the 'Borrowings' line item as reported on the standalone balance sheet)?",the 'Borrowings' line item as reported on the standalone balance sheet,no,75926.7,INR million,182,p182: Borrowings | 75926.7,Sun Pharmaceutical Industries Limited,2023-24,validated,,,,on_cited_page,"Borrowings  //  75,926.7","row 'Borrowings', column 'March 31, 2023' (p.182, Sun Pharmaceutical Industries Limited   |   Annual Report 2023-24, table 1, column 'March 31, 2023')",
FIc81897db,"For Tata Motors Limited, as reported for the year ended March 31, 2023, what were deposits (the 'Deposits' line item as reported on the consolidated balance sheet)?",the 'Deposits' line item as reported on the consolidated balance sheet,no,210.58,INR crore,307,p307: Deposits | 210.58 ;; p307: Deposits with banks | 192.13 ;; p309: Deposits with banks | 23614.06,Tata Motors Limited,2023-24,validated,,,,on_cited_page,Deposits  //  210.58,"row 'Deposits', column 'March  31, 2023' (p.307, FINANCIALS, table 1, column 'March  31, 2023')",
FIc1947343,"For HDFC Bank Limited, as reported for the year ended March 31, 2023, what were interest expended (interest expended as reported in the consolidated financial statements)?",interest expended as reported in the consolidated financial statements,no,77779.94,crore,413,p413: Interest expended | 77779.94,HDFC Bank Limited,2023-24,validated,,,,on_cited_page,"Interest expended  //  77,779.94","row 'Interest expended', column 'March 31, 2023' (p.413, Integrated Annual Report 2023-24, table 0, column 'March 31, 2023')",
FI9e83b77a,"For Infosys Limited, as reported for the year ended March 31, 2024, what were employee benefit expenses (employee benefit expenses as reported in the consolidated financial statements)?",employee benefit expenses as reported in the consolidated financial statements,no,82620,INR crore,13,p13: Employee benefit expenses | 82620,Infosys Limited,2023-24,validated,,,,on_cited_page,"Employee benefit expenses  //  82,620","row 'Employee benefit expenses', column '(In ₹ crore, except equity share and per equity share data) Year ended March 31, 2024 2023' (p.13, Consolidated Statement of Profit and Loss, table 0, column '(In ₹ crore, except equity share and per equity share data) Year ended March 31, 2024 2023')",
FIbe0e45c2,"For Reliance Industries Limited, as reported for the year ended March 31, 2024, what were revenue from operations (revenue from operations, excluding other income)?","revenue from operations, excluding other income",no,914472,crore,111,p111: Revenue from Operations | 914472,Reliance Industries Limited,2023-24,validated,,,,on_cited_page,"Revenue from Operations  //  9,14,472","row 'Revenue from Operations', column '2023-24' (p.111, Managing Director, table 2, column '2023-24')",
FIce2f3063,"For Tata Motors Limited, as reported for the year ended March 31, 2023, what were trade payables (trade payables as reported in the consolidated financial statements)?",trade payables as reported in the consolidated financial statements,no,6944.85,INR crore,282,p282: Trade payables | 6944.85,Tata Motors Limited,2023-24,validated,79214,INR crore,"The candidate ₹6,944.85 crore is not the consolidated Trade payables balance. That figure appears as the cash-flow adjustment for “Trade payables and acceptances,” not the balance-sheet line item.",on_cited_page,"Trade payables  //  6,944.85","row 'Trade payables', column '(₹ in crores)' (p.282, 79th Integrated Annual Report, table 0, column '(₹ in crores)')",
FIccf8f95b,"For HDFC Bank Limited, as reported for the year ended March 31, 2024, what were depreciation and amortization expenses (depreciation and amortization expenses as reported in the consolidated financial statements)?",depreciation and amortization expenses as reported in the consolidated financial statements,no,101.42,crore,465,p465: Depreciation | 101.42 ;; p472: Depreciation | 2343.71,HDFC Bank Limited,2023-24,,,,,on_cited_page,Depreciation  //  101.42,"row 'Depreciation', column 'March 31, 2024' (p.465, Financial Statements, table 1, column 'March 31, 2024')",
FIad13d12c,"For Infosys Limited, as reported for the year ended March 31, 2023, what were profit for the year (profit for the year attributable to owners of the company)?",profit for the year attributable to owners of the company,no,24108,INR crore,13,p13: Profit for the year | 24108,Infosys Limited,2023-24,,,,,on_cited_page,"Profit for the year  //  24,108","row 'Profit for the year', column None (p.13, Consolidated Statement of Profit and Loss, table 0)",
FIbefd7b9f,"For Reliance Industries Limited, as reported for the year ended March 31, 2024, what were capital work-in-progress (capital work-in-progress as reported in the consolidated financial statements)?",capital work-in-progress as reported in the consolidated financial statements,no,152382,crore,110,p110: Capital Work-in-Progress | 152382,Reliance Industries Limited,2023-24,,,,,on_cited_page,"Capital Work-in-Progress  //  1,52,382","row 'Capital Work-in-Progress', column '' (p.110, Managing Director, table 0)",
FIdbfdd691,"For Tata Motors Limited, as reported for the year ended March 31, 2023, what were total expenses (total expenses as reported in the consolidated financial statements)?",total expenses as reported in the consolidated financial statements,no,349133.13,INR crore,281,p281: Total expenses (IV) | 349133.13,Tata Motors Limited,2023-24,validated,,,,on_cited_page,"Total expenses (IV)  //  349,133.13","row 'Total expenses (IV)', column '(₹ in crores)' (p.281, FINANCIALS, table 1, column '(₹ in crores)')",
FIcdce4480,"For HDFC Bank Limited, as reported for the year ended March 31, 2024, what were interest earned (interest earned as reported in the consolidated financial statements)?",interest earned as reported in the consolidated financial statements,no,283649.02,crore,413,p413: Interest earned | 283649.02,HDFC Bank Limited,2023-24,validated,,,,on_cited_page,"Interest earned  //  283,649.02","row 'Interest earned', column 'March 31, 2024' (p.413, Integrated Annual Report 2023-24, table 0, column 'March 31, 2024')",
FIae82da53,"For Infosys Limited, as reported for the year ended March 31, 2023, what were deferred tax (deferred tax as reported in the consolidated financial statements)?",deferred tax as reported in the consolidated financial statements,no,1245,INR crore,11,p11: Deferred tax assets (net) | 1245,Infosys Limited,2023-24,validated,,,,on_cited_page,"Deferred tax assets (net)  //  1,245","row 'Deferred tax assets (net)', column '2023' (p.11, Consolidated Balance Sheet, table 0, column '2023')",
FIc0771f27,"For Reliance Industries Limited, as reported for the year ended March 31, 2023, what were total income (total income as reported in the consolidated financial statements)?",total income as reported in the consolidated financial statements,no,903045,crore,111,p111: Total Income | 903045 ;; p131: Total Income | 1658,Reliance Industries Limited,2023-24,validated,,,,on_cited_page,"Total Income  //  9,03,045","row 'Total Income', column '(C in crore) 2022-23' (p.111, Managing Director, table 2, column '(C in crore) 2022-23')",
FIdda2b2bc,"For Tata Motors Limited, as reported for the year ended March 31, 2024, what were other financial liabilities (other financial liabilities as reported in the consolidated financial statements)?",other financial liabilities as reported in the consolidated financial statements,no,1844.58,INR crore,282,p282: Other financial liabilities | 1844.58,Tata Motors Limited,2023-24,rejected,,,"Total: ₹17,058.24 crore",on_cited_page,"Other financial liabilities  //  1,844.58","row 'Other financial liabilities', column '' (p.282, 79th Integrated Annual Report, table 0)",
FId7192b78,"For HDFC Bank Limited, as reported for the year ended March 31, 2023, what were depreciation and amortization expenses (depreciation and amortization expenses as reported in the consolidated financial statements)?",depreciation and amortization expenses as reported in the consolidated financial statements,no,103.20,crore,465,p465: Depreciation | 103.20,HDFC Bank Limited,2023-24,rejected,,,"For HDFC Bank Limited, as reported for the year ended March 31, 2023, what were depreciation and  amortization expenses (depreciation and amortization expenses as reported in the consolidated  financial statements)?  definition: depreciation and amortization expenses as reported in the consolidated financial  statements────────────────────────────────────────────────────────────────────────────────────────────────────  candidate answer   103.20   crore  cited page         p465  read from           row 'Depreciation', column 'March 31, 2023' (p.465, Financial Statements,  table 1, column 'March 31, 2023')  machine pre-check  on_cited_page — the figure is printed on the cited page  from the filing:      Depreciation      103.20────────────────────────────────────────────────────────────────────────────────────────────────────  Is this the right answer to the question as written?  Check the metric, the year's column, the scale and the sign.  [y] correct      [c] correct, but a different number  [n] wrong        [?] unsure / needs review  [s] skip         [q] save and quitq",on_cited_page,Depreciation  //  103.20,"row 'Depreciation', column 'March 31, 2023' (p.465, Financial Statements, table 1, column 'March 31, 2023')",
FIb81dcb00,"For Infosys Limited, as reported for the year ended March 31, 2023, what were other expenses (other expenses as reported in the consolidated financial statements)?",other expenses as reported in the consolidated financial statements,no,4392,INR crore,13,p13: Other expenses | 4392,Infosys Limited,2023-24,validated,,,,on_cited_page,"Other expenses  //  4,392","row 'Other expenses', column None (p.13, Consolidated Statement of Profit and Loss, table 0)",
FIc2c6c065,"For Reliance Industries Limited, as reported for the year ended March 31, 2023, what were other equity (other equity as reported in the consolidated financial statements)?",other equity as reported in the consolidated financial statements,no,709106,crore,110,p110: Other Equity | 709106,Reliance Industries Limited,2023-24,validated,,,,on_cited_page,"Other Equity  //  7,09,106","row 'Other Equity', column '31st March, 2023' (p.110, Managing Director, table 0, column '31st March, 2023')",
FIe3cb2733,"For Tata Motors Limited, as reported for the year ended March 31, 2024, what were exceptional items (exceptional items as reported in the consolidated financial statements)?",exceptional items as reported in the consolidated financial statements,no,977.06,INR crore,281,p281: Exceptional items | 977.06,Tata Motors Limited,2023-24,validated,,,,on_cited_page,Exceptional items  //  977.06,"row 'Exceptional items', column '' (p.281, FINANCIALS, table 1)",
FIe9bde932,"For HDFC Bank Limited, as reported for the year ended March 31, 2023, what were interest earned (interest earned as reported in the consolidated financial statements)?",interest earned as reported in the consolidated financial statements,no,170754.05,crore,413,p413: Interest earned | 170754.05,HDFC Bank Limited,2023-24,,,,,on_cited_page,"Interest earned  //  170,754.05","row 'Interest earned', column 'March 31, 2023' (p.413, Integrated Annual Report 2023-24, table 0, column 'March 31, 2023')",
FIbd3a2885,"For Infosys Limited, as reported for the year ended March 31, 2024, what were total equity (total equity as reported on the consolidated balance sheet)?",total equity as reported on the consolidated balance sheet,no,88461,INR crore,12,p12: Total equity | 88461,Infosys Limited,2023-24,validated,,,,on_cited_page,"Total equity  //  88,461","row 'Total equity', column '2024' (p.12, Consolidated Balance Sheet (contd.), table 0, column '2024')",
FIc9c602f8,"For Reliance Industries Limited, as reported for the year ended March 31, 2024, what were current tax (current tax as reported in the consolidated financial statements)?",current tax as reported in the consolidated financial statements,no,13590,crore,111,p111: Current Tax | 13590,Reliance Industries Limited,2023-24,validated,,,,on_cited_page,"Current Tax  //  13,590","row 'Current Tax', column '2023-24' (p.111, Managing Director, table 2, column '2023-24')",
FIec648ceb,"For Tata Motors Limited, as reported for the year ended March 31, 2024, what were interest income (interest income as reported in the consolidated financial statements)?",interest income as reported in the consolidated financial statements,no,-2608.60,INR crore,282,p282: Interest income | -2608.60 ;; p339: Interest income | 9.85,Tata Motors Limited,2023-24,,,,,on_cited_page,"Interest income  //  (2,608.60)","row 'Interest income', column '' (p.282, 79th Integrated Annual Report, table 0)",
FIecfc1d53,"For HDFC Bank Limited, as reported for the year ended March 31, 2024, what were property, plant and equipment (property, plant and equipment as reported in the consolidated financial statements)?","property, plant and equipment as reported in the consolidated financial statements",no,12603.76,crore,412,p412: Fixed assets | 12603.76,HDFC Bank Limited,2023-24,rejected,,,"The cited ₹12,603.76 crore figure is “Fixed assets” in the banking financial-statements format, not specifically the consolidated balance-sheet line “Property, plant and equipment.” The question explicitly asks for property, plant and equipment as reported in the consolidated financial statements, so the metric does not match.",on_cited_page,"Fixed assets  //  12,603.76","row 'Fixed assets', column '' (p.412, Company Secretary, table 0)",
FIc7be25a5,"For Infosys Limited, as reported for the year ended March 31, 2024, what were total income (total income as reported in the consolidated financial statements)?",total income as reported in the consolidated financial statements,no,158381,INR crore,13,p13: Total income | 158381,Infosys Limited,2023-24,validated,,,,on_cited_page,"Total income  //  1,58,381","row 'Total income', column '(In ₹ crore, except equity share and per equity share data) Year ended March 31, 2024 2023' (p.13, Consolidated Statement of Profit and Loss, table 0, column '(In ₹ crore, except equity share and per equity share data) Year ended March 31, 2024 2023')",
FIcbe0d156,"For Reliance Industries Limited, as reported for the year ended March 31, 2023, what were deferred tax (deferred tax as reported in the consolidated financial statements)?",deferred tax as reported in the consolidated financial statements,no,1549,crore,110,p110: Deferred Tax Assets (Net) | 1549 ;; p111: Deferred Tax | 11978,Reliance Industries Limited,2023-24,rejected,,,"The candidate ₹1,549 crore is specifically “Deferred Tax Assets (Net)”, not the consolidated financial-statements “Deferred Tax” expense for FY2022–23.For the requested deferred tax as reported in the consolidated statement of profit and loss:Deferred Tax Provision (B): ₹11,988 croreFY ended March 31, 2023Scale: ₹ crore",on_cited_page,"Deferred Tax Assets (Net)  //  1,549","row 'Deferred Tax Assets (Net)', column '(C in crore)' (p.110, Managing Director, table 0, column '(C in crore)')",
FIedfd41df,"For Tata Motors Limited, as reported for the year ended March 31, 2023, what were interest income (interest income as reported in the consolidated financial statements)?",interest income as reported in the consolidated financial statements,no,-1251.18,INR crore,282,p282: Interest income | -1251.18 ;; p339: Interest income | 8.58,Tata Motors Limited,2023-24,,,,,on_cited_page,"Interest income  //  (1,251.18)","row 'Interest income', column '(₹ in crores)' (p.282, 79th Integrated Annual Report, table 0, column '(₹ in crores)')",
FIef6a2a27,"For HDFC Bank Limited, as reported for the year ended March 31, 2023, what were provisions and contingencies (provisions and contingencies as reported in the consolidated financial statements)?",provisions and contingencies as reported in the consolidated financial statements,no,29203.77,crore,413,p413: Provisions and contingencies | 29203.77,HDFC Bank Limited,2023-24,validated,,,,on_cited_page,"Provisions and contingencies  //  29,203.77","row 'Provisions and contingencies', column 'March 31, 2023' (p.413, Integrated Annual Report 2023-24, table 0, column 'March 31, 2023')",
FIcb28c7eb,"For Infosys Limited, as reported for the year ended March 31, 2024, what were profit before tax (profit before tax as reported in the consolidated financial statements)?",profit before tax as reported in the consolidated financial statements,no,35988,INR crore,13,p13: Profit before tax | 35988,Infosys Limited,2023-24,validated,,,,on_cited_page,"Profit before tax  //  35,988","row 'Profit before tax', column '(In ₹ crore, except equity share and per equity share data) Year ended March 31, 2024 2023' (p.13, Consolidated Statement of Profit and Loss, table 0, column '(In ₹ crore, except equity share and per equity share data) Year ended March 31, 2024 2023')",
FIcf3e35a8,"For Reliance Industries Limited, as reported for the year ended March 31, 2024, what were cost of materials consumed (cost of materials consumed as reported in the consolidated financial statements)?",cost of materials consumed as reported in the consolidated financial statements,no,400345,crore,111,p111: Cost of Materials Consumed | 400345,Reliance Industries Limited,2023-24,validated,,,,on_cited_page,"Cost of Materials Consumed  //  4,00,345","row 'Cost of Materials Consumed', column '2023-24' (p.111, Managing Director, table 2, column '2023-24')",
FIffbd5690,"For Tata Motors Limited, as reported for the year ended March 31, 2024, what were profit before tax (profit before tax as reported in the consolidated financial statements)?",profit before tax as reported in the consolidated financial statements,no,27955.11,INR crore,281,p281: Profit before tax (VII-VIII) | 27955.11,Tata Motors Limited,2023-24,,,,,on_cited_page,"Profit before tax (VII-VIII)  //  27,955.11","row 'Profit before tax (VII-VIII)', column '' (p.281, FINANCIALS, table 1)",
FIf546915f,"For HDFC Bank Limited, as reported for the year ended March 31, 2024, what were interest expended (interest expended as reported in the consolidated financial statements)?",interest expended as reported in the consolidated financial statements,no,154138.55,crore,413,p413: Interest expended | 154138.55,HDFC Bank Limited,2023-24,validated,,,,on_cited_page,"Interest expended  //  154,138.55","row 'Interest expended', column 'March 31, 2024' (p.413, Integrated Annual Report 2023-24, table 0, column 'March 31, 2024')",
FIcc309f29,"For Infosys Limited, as reported for the year ended March 31, 2023, what were total non-current assets (total non-current assets as reported in the consolidated financial statements)?",total non-current assets as reported in the consolidated financial statements,no,54935,INR crore,11,p11: Total non-current assets | 54935,Infosys Limited,2023-24,validated,,,,on_cited_page,"Total non-current assets  //  54,935","row 'Total non-current assets', column '2023' (p.11, Consolidated Balance Sheet, table 0, column '2023')",
FId31cb087,"For Reliance Industries Limited, as reported for the year ended March 31, 2024, what were property, plant and equipment (property, plant and equipment as reported in the consolidated financial statements)?","property, plant and equipment as reported in the consolidated financial statements",no,606084,crore,110,"p110: Property, Plant and Equipment | 606084",Reliance Industries Limited,2023-24,validated,,,,on_cited_page,"Property, Plant and Equipment  //  6,06,084","row 'Property, Plant and Equipment', column '31st March, 2024' (p.110, Managing Director, table 0, column '31st March, 2024')",
FIf66d80e7,"For HDFC Bank Limited, as reported for the year ended March 31, 2024, what were borrowings (the 'Borrowings' line item as reported on the consolidated balance sheet)?",the 'Borrowings' line item as reported on the consolidated balance sheet,no,730615.46,crore,412,p412: Borrowings | 730615.46,HDFC Bank Limited,2023-24,validated,,,,on_cited_page,"Borrowings  //  730,615.46","row 'Borrowings', column 'March 31, 2024' (p.412, Company Secretary, table 0, column 'March 31, 2024')",
FId3649c63,"For Infosys Limited, as reported for the year ended March 31, 2023, what were capital work-in-progress (capital work-in-progress as reported in the consolidated financial statements)?",capital work-in-progress as reported in the consolidated financial statements,no,288,INR crore,11,p11: Capital work-in-progress | 288,Infosys Limited,2023-24,validated,,,,on_cited_page,Capital work-in-progress  //  288,"row 'Capital work-in-progress', column '2023' (p.11, Consolidated Balance Sheet, table 0, column '2023')",
FId39a24c1,"For Reliance Industries Limited, as reported for the year ended March 31, 2023, what were capital work-in-progress (capital work-in-progress as reported in the consolidated financial statements)?",capital work-in-progress as reported in the consolidated financial statements,no,117259,crore,110,p110: Capital Work-in-Progress | 117259,Reliance Industries Limited,2023-24,validated,,,,on_cited_page,"Capital Work-in-Progress  //  1,17,259","row 'Capital Work-in-Progress', column '(C in crore)' (p.110, Managing Director, table 0, column '(C in crore)')",
FIe00451cd,"For Infosys Limited, as reported for the year ended March 31, 2023, what were intangible assets (intangible assets as reported in the consolidated financial statements)?",intangible assets as reported in the consolidated financial statements,no,62,INR crore,55,p55: Intangible assets | 62,Infosys Limited,2023-24,rejected,,,"The candidate ₹62 crore is not the requested consolidated balance-sheet metric. The ₹62 figure appears in a deferred tax table, where “Intangible assets” is a component—not the balance-sheet carrying amount.For Infosys’ consolidated financial statements as of March 31, 2023, the balance sheet reports:Other intangible assets: ₹1,538 crore? Wait — the cited consolidated figure needs distinction from the standalone statement.The annual report states that on a consolidated basis, the carrying value of intangible assets at March 31, 2023 was ₹1,749 crore.",short_figure,Intangible assets  //  62  //  1,"row 'Intangible assets', column '' (p.55, the provisions of the Income-tax Act, 1961. (Refer to Special, table 0)",
FId6c51780,"For Reliance Industries Limited, as reported for the year ended March 31, 2023, what were goodwill (goodwill as reported in the consolidated financial statements)?",goodwill as reported in the consolidated financial statements,no,15270,crore,110,p110: Goodwill | 15270,Reliance Industries Limited,2023-24,validated,,,,on_cited_page,"Goodwill  //  15,270","row 'Goodwill', column '(C in crore)' (p.110, Managing Director, table 0, column '(C in crore)')",
FIe1f84ae7,"For Infosys Limited, as reported for the year ended March 31, 2023, what were investments (the 'Investments' line item as reported on the consolidated balance sheet)?",the 'Investments' line item as reported on the consolidated balance sheet,no,12569,INR crore,11,p11: Investments | 12569,Infosys Limited,2023-24,,,,,on_cited_page,"Investments  //  12,569","row 'Investments', column '2023' (p.11, Consolidated Balance Sheet, table 0, column '2023')",
FIdac039cb,"For Reliance Industries Limited, as reported for the year ended March 31, 2024, what were other income (other income as reported in the consolidated financial statements)?",other income as reported in the consolidated financial statements,no,16057,crore,111,p111: Other Income | 16057,Reliance Industries Limited,2023-24,,,,,on_cited_page,"Other Income  //  16,057","row 'Other Income', column '2023-24' (p.111, Managing Director, table 2, column '2023-24')",
FIe466f87f,"For Infosys Limited, as reported for the year ended March 31, 2024, what were revenue from operations (revenue from operations, excluding other income)?","revenue from operations, excluding other income",no,153670,INR crore,13,p13: Revenue from operations | 153670,Infosys Limited,2023-24,validated,,,,on_cited_page,"Revenue from operations  //  153,670","row 'Revenue from operations', column '(In ₹ crore, except equity share and per equity share data) Year ended March 31, 2024 2023' (p.13, Consolidated Statement of Profit and Loss, table 0, column '(In ₹ crore, except equity share and per equity share data) Year ended March 31, 2024 2023')",
FIde67ea96,"For Reliance Industries Limited, as reported for the year ended March 31, 2023, what were other financial liabilities (other financial liabilities as reported in the consolidated financial statements)?",other financial liabilities as reported in the consolidated financial statements,no,7704,crore,110,p110: Other Financial Liabilities | 7704,Reliance Industries Limited,2023-24,validated,,,,on_cited_page,"Other Financial Liabilities  //  7,704","row 'Other Financial Liabilities', column '(C in crore)' (p.110, Managing Director, table 0, column '(C in crore)')",
FIe63f09ec,"For Infosys Limited, as reported for the year ended March 31, 2023, what were lease liabilities (lease liabilities as reported in the consolidated financial statements)?",lease liabilities as reported in the consolidated financial statements,no,223,INR crore,55,p55: Lease liabilities | 223,Infosys Limited,2023-24,,,,,on_cited_page,Lease liabilities  //  223,"row 'Lease liabilities', column 'April 1, 2023' (p.55, the provisions of the Income-tax Act, 1961. (Refer to Special, table 0, column 'April 1, 2023')",
FIe2e8c20b,"For Reliance Industries Limited, as reported for the year ended March 31, 2023, what were equity share capital (equity share capital as reported in the consolidated financial statements)?",equity share capital as reported in the consolidated financial statements,no,6766,crore,110,p110: Equity Share Capital | 6766,Reliance Industries Limited,2023-24,validated,,,,on_cited_page,"Equity Share Capital  //  6,766","row 'Equity Share Capital', column '31st March, 2023' (p.110, Managing Director, table 0, column '31st March, 2023')",
FIe65fb47b,"For Infosys Limited, as reported for the year ended March 31, 2024, what were profit for the year (profit for the year attributable to owners of the company)?",profit for the year attributable to owners of the company,no,26248,INR crore,13,p13: Profit for the year | 26248,Infosys Limited,2023-24,,,,,on_cited_page,"Profit for the year  //  26,248","row 'Profit for the year', column '(In ₹ crore, except equity share and per equity share data) Year ended March 31, 2024 2023' (p.13, Consolidated Statement of Profit and Loss, table 0, column '(In ₹ crore, except equity share and per equity share data) Year ended March 31, 2024 2023')",
FIe3c16561,"For Reliance Industries Limited, as reported for the year ended March 31, 2023, what were total expenses (total expenses as reported in the consolidated financial statements)?",total expenses as reported in the consolidated financial statements,no,809023,crore,111,p111: Total Expenses | 809023,Reliance Industries Limited,2023-24,validated,,,,on_cited_page,"Total Expenses  //  8,09,023","row 'Total Expenses', column '(C in crore) 2022-23' (p.111, Managing Director, table 2, column '(C in crore) 2022-23')",
FIeb99ef2a,"For Infosys Limited, as reported for the year ended March 31, 2024, what were other expenses (other expenses as reported in the consolidated financial statements)?",other expenses as reported in the consolidated financial statements,no,4716,INR crore,13,p13: Other expenses | 4716,Infosys Limited,2023-24,validated,,,,on_cited_page,"Other expenses  //  4,716","row 'Other expenses', column '(In ₹ crore, except equity share and per equity share data) Year ended March 31, 2024 2023' (p.13, Consolidated Statement of Profit and Loss, table 0, column '(In ₹ crore, except equity share and per equity share data) Year ended March 31, 2024 2023')",
FIe8084ac3,"For Reliance Industries Limited, as reported for the year ended March 31, 2023, what were cost of materials consumed (cost of materials consumed as reported in the consolidated financial statements)?",cost of materials consumed as reported in the consolidated financial statements,no,450241,crore,111,p111: Cost of Materials Consumed | 450241,Reliance Industries Limited,2023-24,validated,,,,on_cited_page,"Cost of Materials Consumed  //  4,50,241","row 'Cost of Materials Consumed', column '(C in crore) 2022-23' (p.111, Managing Director, table 2, column '(C in crore) 2022-23')",
FIec230a76,"For Infosys Limited, as reported for the year ended March 31, 2023, what were cost of technical sub-contractors (cost of technical sub-contractors as reported in the consolidated financial statements)?",cost of technical sub-contractors as reported in the consolidated financial statements,no,14062,INR crore,13,p13: Cost of technical sub-contractors | 14062,Infosys Limited,2023-24,validated,,,,on_cited_page,"Cost of technical sub-contractors  //  14,062","row 'Cost of technical sub-contractors', column None (p.13, Consolidated Statement of Profit and Loss, table 0)",
FIe8ad3aa5,"For Reliance Industries Limited, in the 2023-24 consolidated financial statements, what was return on equity?",,yes,,,111,p111: Profit for the Year | 79020 ;; p110: Total Equity | 925788,Reliance Industries Limited,2023-24,,,,,no_candidate,,,
FIf798dec4,"For Infosys Limited, as reported for the year ended March 31, 2024, what were total non-current assets (total non-current assets as reported in the consolidated financial statements)?",total non-current assets as reported in the consolidated financial statements,no,48382,INR crore,11,p11: Total non-current assets | 48382,Infosys Limited,2023-24,validated,,,,on_cited_page,"Total non-current assets  //  48,382","row 'Total non-current assets', column '2024' (p.11, Consolidated Balance Sheet, table 0, column '2024')",
FIe91618ec,"For Reliance Industries Limited, as reported for the year ended March 31, 2024, what were profit before tax (profit before tax as reported in the consolidated financial statements)?",profit before tax as reported in the consolidated financial statements,no,104727,crore,111,p111: Profit Before Tax | 104727,Reliance Industries Limited,2023-24,,,,,on_cited_page,"Profit Before Tax  //  1,04,727","row 'Profit Before Tax', column '2023-24' (p.111, Managing Director, table 2, column '2023-24')",
